			HLA-A01:01				HLA-A03:01				HLA-B07:02				HLA-B08:01				HLA-C07:01				HLA-C07:02					
Pos	Peptide	ID	core	icore	EL-score	EL_Rank	core	icore	EL-score	EL_Rank	core	icore	EL-score	EL_Rank	core	icore	EL-score	EL_Rank	core	icore	EL-score	EL_Rank	core	icore	EL-score	EL_Rank	Ave	NB
0	TIAKNTVK	PEPLIST	TIAKNTV-K	TIAKNTVK	0.0003	35.0000	TIAKNTV-K	TIAKNTVK	0.0171	4.4250	TIA-KNTVK	TIAKNTVK	0.0001	39.7143	TIAKNTVK-	TIAKNTVK	0.0003	41.8889	TIA-KNTVK	TIAKNTVK	0.0000	51.6667	TIAKNTV-K	TIAKNTVK	0.0000	45.5000	0.0030	     0
0	TIAKNTGK	PEPLIST	TIAKNT-GK	TIAKNTGK	0.0002	42.0000	TIAKNT-GK	TIAKNTGK	0.0144	4.7650	TIA-KNTGK	TIAKNTGK	0.0000	49.6667	TIAKNTGK-	TIAKNTGK	0.0001	64.5455	TIAKN-TGK	TIAKNTGK	0.0000	57.5000	TIAKNT-GK	TIAKNTGK	0.0000	51.6667	0.0025	     0
0	IAKNTVKS	PEPLIST	IAKNTVKS-	IAKNTVKS	0.0001	66.0000	IAKNTVKS-	IAKNTVKS	0.0000	66.2500	IAKNTVKS-	IAKNTVKS	0.0000	50.3846	IAKNTVKS-	IAKNTVKS	0.0010	24.7979	IAKNTVKS-	IAKNTVKS	0.0000	47.0000	IAKNTVKS-	IAKNTVKS	0.0000	46.0000	0.0002	     0
0	IAKNTGKS	PEPLIST	IAKNTGKS-	IAKNTGKS	0.0000	71.9231	IAKNTGKS-	IAKNTGKS	0.0000	75.0000	IAKNTGKS-	IAKNTGKS	0.0001	45.5000	IAKNTGKS-	IAKNTGKS	0.0004	37.3846	IAKNTGKS-	IAKNTGKS	0.0000	65.0000	IAKNTGKS-	IAKNTGKS	0.0000	55.0000	0.0001	     0
0	AKNTVKSV	PEPLIST	AKNT-VKSV	AKNTVKSV	0.0002	43.5455	AKN-TVKSV	AKNTVKSV	0.0000	63.7500	-AKNTVKSV	AKNTVKSV	0.0002	30.7647	-AKNTVKSV	AKNTVKSV	0.0035	13.9091	AKN-TVKSV	AKNTVKSV	0.0003	15.3421	AKN-TVKSV	AKNTVKSV	0.0002	20.8261	0.0007	     0
0	AKNTGKSV	PEPLIST	AKNT-GKSV	AKNTGKSV	0.0002	41.8333	AKN-TGKSV	AKNTGKSV	0.0000	80.0000	-AKNTGKSV	AKNTGKSV	0.0003	25.5333	AKNTG-KSV	AKNTGKSV	0.0015	20.8046	AKN-TGKSV	AKNTGKSV	0.0001	20.6667	AKN-TGKSV	AKNTGKSV	0.0001	26.5000	0.0004	     0
0	KNTVKSVG	PEPLIST	KNTVKSVG-	KNTVKSVG	0.0000	95.0000	KNTVKSVG-	KNTVKSVG	0.0000	85.0000	KNTVKSVG-	KNTVKSVG	0.0000	92.5000	KNTVK-SVG	KNTVKSVG	0.0000	77.0000	KNT-VKSVG	KNTVKSVG	0.0000	100.0000	KNTVKSVG-	KNTVKSVG	0.0000	85.0000	0.0000	     0
0	KNTGKSVG	PEPLIST	KNTGKSVG-	KNTGKSVG	0.0000	92.1429	KNTGKSVG-	KNTGKSVG	0.0000	80.0000	KNTGKSVG-	KNTGKSVG	0.0000	92.5000	KNTGKSVG-	KNTGKSVG	0.0000	88.5714	KNTGKSVG-	KNTGKSVG	0.0000	85.0000	KNTGKSVG-	KNTGKSVG	0.0000	85.0000	0.0000	     0
0	NTVKSVGK	PEPLIST	NTV-KSVGK	NTVKSVGK	0.0003	34.5556	NTV-KSVGK	NTVKSVGK	0.0044	7.7760	NTV-KSVGK	NTVKSVGK	0.0000	63.5714	NTV-KSVGK	NTVKSVGK	0.0001	65.3125	NTV-KSVGK	NTVKSVGK	0.0000	50.0000	NTV-KSVGK	NTVKSVGK	0.0000	58.3333	0.0008	     0
0	NTGKSVGK	PEPLIST	NTGKSV-GK	NTGKSVGK	0.0004	32.9545	NT-GKSVGK	NTGKSVGK	0.0035	8.5168	NT-GKSVGK	NTGKSVGK	0.0000	69.0000	NT-GKSVGK	NTGKSVGK	0.0000	73.0769	NT-GKSVGK	NTGKSVGK	0.0000	60.0000	NT-GKSVGK	NTGKSVGK	0.0000	70.0000	0.0007	     0
0	TVKSVGKF	PEPLIST	TVKSVG-KF	TVKSVGKF	0.0015	14.8595	TVK-SVGKF	TVKSVGKF	0.0001	31.0000	TVKSVGK-F	TVKSVGKF	0.0014	12.8419	TVKSVG-KF	TVKSVGKF	0.0079	9.1005	TVKSVG-KF	TVKSVGKF	0.0003	13.8364	TVKSVG-KF	TVKSVGKF	0.0005	13.6310	0.0020	     0
0	TGKSVGKF	PEPLIST	-TGKSVGKF	TGKSVGKF	0.0007	22.8246	TGKSV-GKF	TGKSVGKF	0.0000	56.4286	TGK-SVGKF	TGKSVGKF	0.0003	25.6333	TGKSVG-KF	TGKSVGKF	0.0047	12.0310	TGK-SVGKF	TGKSVGKF	0.0003	15.3947	TGKSVG-KF	TGKSVGKF	0.0003	16.3864	0.0011	     0
0	VKSVGKFC	PEPLIST	-VKSVGKFC	VKSVGKFC	0.0000	91.4286	-VKSVGKFC	VKSVGKFC	0.0000	85.0000	-VKSVGKFC	VKSVGKFC	0.0000	81.6667	-VKSVGKFC	VKSVGKFC	0.0001	58.4483	VKS-VGKFC	VKSVGKFC	0.0000	60.0000	VKS-VGKFC	VKSVGKFC	0.0000	51.6667	0.0000	     0
0	GKSVGKFC	PEPLIST	GKSVGKFC-	GKSVGKFC	0.0000	95.7143	GKSVGKFC-	GKSVGKFC	0.0000	90.0000	GKS-VGKFC	GKSVGKFC	0.0000	90.0000	-GKSVGKFC	GKSVGKFC	0.0000	78.5000	GKS-VGKFC	GKSVGKFC	0.0000	65.0000	GKS-VGKFC	GKSVGKFC	0.0000	70.0000	0.0000	     0
0	STIAKNTVK	PEPLIST	STIAKNTVK	STIAKNTVK	0.0053	6.9661	STIAKNTVK	STIAKNTVK	0.7099	0.1967	STIAKNTVK	STIAKNTVK	0.0006	18.9351	STIAKNTVK	STIAKNTVK	0.0007	28.9672	STIAKNTVK	STIAKNTVK	0.0010	8.0708	STIAKNTVK	STIAKNTVK	0.0009	10.0939	0.1197	     1
0	STIAKNTGK	PEPLIST	STIAKNTGK	STIAKNTGK	0.0037	8.5712	STIAKNTGK	STIAKNTGK	0.8093	0.1174	STIAKNTGK	STIAKNTGK	0.0003	25.8000	STIAKNTGK	STIAKNTGK	0.0004	36.1379	STIAKNTGK	STIAKNTGK	0.0007	9.4671	STIAKNTGK	STIAKNTGK	0.0006	11.9774	0.1359	     1
0	TIAKNTVKS	PEPLIST	TIAKNTVKS	TIAKNTVKS	0.0007	22.8596	TIAKNTVKS	TIAKNTVKS	0.0004	20.2391	TIAKNTVKS	TIAKNTVKS	0.0005	20.9821	TIAKNTVKS	TIAKNTVKS	0.0007	29.4182	TIAKNTVKS	TIAKNTVKS	0.0000	38.5000	TIAKNTVKS	TIAKNTVKS	0.0000	40.0000	0.0004	     0
0	TIAKNTGKS	PEPLIST	TIAKNTGKS	TIAKNTGKS	0.0003	36.1250	TIAKNTGKS	TIAKNTGKS	0.0001	36.3333	TIAKNTGKS	TIAKNTGKS	0.0002	30.7647	TIAKNTGKS	TIAKNTGKS	0.0001	54.8780	TIAKNTGKS	TIAKNTGKS	0.0000	57.5000	TIAKNTGKS	TIAKNTGKS	0.0000	55.0000	0.0001	     0
0	IAKNTVKSV	PEPLIST	IAKNTVKSV	IAKNTVKSV	0.0008	21.6613	IAKNTVKSV	IAKNTVKSV	0.0005	19.0351	IAKNTVKSV	IAKNTVKSV	0.0235	3.3012	IAKNTVKSV	IAKNTVKSV	0.2026	0.7854	IAKNTVKSV	IAKNTVKSV	0.0179	1.4391	IAKNTVKSV	IAKNTVKSV	0.0050	4.4034	0.0417	     2
0	IAKNTGKSV	PEPLIST	IAKNTGKSV	IAKNTGKSV	0.0005	28.1667	IAKNTGKSV	IAKNTGKSV	0.0001	32.7778	IAKNTGKSV	IAKNTGKSV	0.0370	2.5909	IAKNTGKSV	IAKNTGKSV	0.0765	2.0610	IAKNTGKSV	IAKNTGKSV	0.0042	3.5984	IAKNTGKSV	IAKNTGKSV	0.0018	7.2979	0.0200	     0
0	AKNTVKSVG	PEPLIST	AKNTVKSVG	AKNTVKSVG	0.0000	92.1429	AKNTVKSVG	AKNTVKSVG	0.0000	71.6667	AKNTVKSVG	AKNTVKSVG	0.0000	56.1111	AKNTVKSVG	AKNTVKSVG	0.0001	68.4375	AKNTVKSVG	AKNTVKSVG	0.0000	33.6667	AKNTVKSVG	AKNTVKSVG	0.0000	46.0000	0.0000	     0
0	AKNTGKSVG	PEPLIST	AKNTGKSVG	AKNTGKSVG	0.0000	92.8571	AKNTGKSVG	AKNTGKSVG	0.0000	82.5000	AKNTGKSVG	AKNTGKSVG	0.0000	61.4286	AKNTGKSVG	AKNTGKSVG	0.0001	68.7500	AKNTGKSVG	AKNTGKSVG	0.0000	43.0000	AKNTGKSVG	AKNTGKSVG	0.0000	49.0000	0.0000	     0
0	KNTVKSVGK	PEPLIST	KNTVKSVGK	KNTVKSVGK	0.0002	45.3000	KNTVKSVGK	KNTVKSVGK	0.0300	3.4695	KNTVKSVGK	KNTVKSVGK	0.0000	59.4444	KNTVKSVGK	KNTVKSVGK	0.0002	49.9000	KNTVKSVGK	KNTVKSVGK	0.0001	27.6667	KNTVKSVGK	KNTVKSVGK	0.0000	41.0000	0.0051	     0
0	KNTGKSVGK	PEPLIST	KNTGKSVGK	KNTGKSVGK	0.0002	42.4000	KNTGKSVGK	KNTGKSVGK	0.0571	2.5912	KNTGKSVGK	KNTGKSVGK	0.0000	51.9231	KNTGKSVGK	KNTGKSVGK	0.0001	52.0732	KNTGKSVGK	KNTGKSVGK	0.0001	20.0667	KNTGKSVGK	KNTGKSVGK	0.0002	20.8261	0.0096	     0
0	NTVKSVGKF	PEPLIST	NTVKSVGKF	NTVKSVGKF	0.0220	3.1836	NTVKSVGKF	NTVKSVGKF	0.0005	18.6714	NTVKSVGKF	NTVKSVGKF	0.0016	12.0662	NTVKSVGKF	NTVKSVGKF	0.0031	14.8860	NTVKSVGKF	NTVKSVGKF	0.0041	3.6806	NTVKSVGKF	NTVKSVGKF	0.0027	6.0285	0.0057	     0
0	NTGKSVGKF	PEPLIST	NTGKSVGKF	NTGKSVGKF	0.0269	2.8618	NTGKSVGKF	NTGKSVGKF	0.0003	22.4857	NTGKSVGKF	NTGKSVGKF	0.0006	19.0441	NTGKSVGKF	NTGKSVGKF	0.0019	18.5023	NTGKSVGKF	NTGKSVGKF	0.0019	5.6412	NTGKSVGKF	NTGKSVGKF	0.0011	9.2910	0.0055	     0
0	TVKSVGKFC	PEPLIST	TVKSVGKFC	TVKSVGKFC	0.0001	51.4516	TVKSVGKFC	TVKSVGKFC	0.0004	19.7895	TVKSVGKFC	TVKSVGKFC	0.0013	13.6085	TVKSVGKFC	TVKSVGKFC	0.0030	15.0026	TVKSVGKFC	TVKSVGKFC	0.0004	12.7463	TVKSVGKFC	TVKSVGKFC	0.0001	26.6000	0.0009	     0
0	TGKSVGKFC	PEPLIST	TGKSVGKFC	TGKSVGKFC	0.0001	60.2381	TGKSVGKFC	TGKSVGKFC	0.0000	52.5000	TGKSVGKFC	TGKSVGKFC	0.0001	33.9091	TGKSVGKFC	TGKSVGKFC	0.0012	22.4615	TGKSVGKFC	TGKSVGKFC	0.0001	20.6000	TGKSVGKFC	TGKSVGKFC	0.0000	36.3333	0.0003	     0
0	VKSVGKFCL	PEPLIST	VKSVGKFCL	VKSVGKFCL	0.0002	43.3636	VKSVGKFCL	VKSVGKFCL	0.0001	40.8000	VKSVGKFCL	VKSVGKFCL	0.0007	17.8182	VKSVGKFCL	VKSVGKFCL	0.0111	7.5306	VKSVGKFCL	VKSVGKFCL	0.0015	6.3106	VKSVGKFCL	VKSVGKFCL	0.0022	6.7193	0.0026	     0
0	GKSVGKFCL	PEPLIST	GKSVGKFCL	GKSVGKFCL	0.0002	46.1250	GKSVGKFCL	GKSVGKFCL	0.0000	48.5000	GKSVGKFCL	GKSVGKFCL	0.0005	20.6429	GKSVGKFCL	GKSVGKFCL	0.0057	10.8547	GKSVGKFCL	GKSVGKFCL	0.0015	6.4714	GKSVGKFCL	GKSVGKFCL	0.0008	10.9613	0.0014	     0
0	PSTIAKNTVK	PEPLIST	PTIAKNTVK	PSTIAKNTVK	0.0004	30.4286	STIAKNTVK	STIAKNTVK	0.0327	3.3540	STIAKNTVK	STIAKNTVK	0.0000	71.2500	STIAKNTVK	STIAKNTVK	0.0000	85.0000	STIAKNTVK	STIAKNTVK	0.0000	62.5000	STIAKNTVK	STIAKNTVK	0.0000	75.0000	0.0055	     0
0	PSTIAKNTGK	PEPLIST	PTIAKNTGK	PSTIAKNTGK	0.0003	37.0667	STIAKNTGK	STIAKNTGK	0.0366	3.1893	STIAKNTGK	STIAKNTGK	0.0000	78.3333	STIAKNTGK	STIAKNTGK	0.0000	90.0000	STIAKNTGK	STIAKNTGK	0.0000	65.0000	STIAKNTGK	STIAKNTGK	0.0000	85.0000	0.0061	     0
0	STIAKNTVKS	PEPLIST	STAKNTVKS	STIAKNTVKS	0.0007	23.2600	STIAKNTVK	STIAKNTVK	0.0217	3.9892	STIAKNTVS	STIAKNTVKS	0.0001	37.6250	STIAKTVKS	STIAKNTVKS	0.0001	50.8537	STAKNTVKS	STIAKNTVKS	0.0000	51.6667	STIAKTVKS	STIAKNTVKS	0.0000	58.3333	0.0038	     0
0	STIAKNTGKS	PEPLIST	STAKNTGKS	STIAKNTGKS	0.0004	32.4091	STIAKNTGK	STIAKNTGK	0.0240	3.8432	STIAKNTKS	STIAKNTGKS	0.0001	45.2500	STIAKNTKS	STIAKNTGKS	0.0001	61.5909	STIAKNTKS	STIAKNTGKS	0.0000	60.0000	STIAKNTKS	STIAKNTGKS	0.0000	65.0000	0.0041	     0
0	TIAKNTVKSV	PEPLIST	TIAKNTVSV	TIAKNTVKSV	0.0006	26.3514	TIAKNTVSV	TIAKNTVKSV	0.0002	28.8667	TIAKNTVSV	TIAKNTVKSV	0.0016	12.3015	TIKNTVKSV	TIAKNTVKSV	0.0066	10.0073	TAKNTVKSV	TIAKNTVKSV	0.0002	18.4091	TAKNTVKSV	TIAKNTVKSV	0.0001	27.7500	0.0015	     0
0	TIAKNTGKSV	PEPLIST	TIAKNGKSV	TIAKNTGKSV	0.0005	28.6000	TIANTGKSV	TIAKNTGKSV	0.0001	40.0000	TAKNTGKSV	TIAKNTGKSV	0.0031	8.9786	TIKNTGKSV	TIAKNTGKSV	0.0052	11.3837	TAKNTGKSV	TIAKNTGKSV	0.0001	24.4444	TAKNTGKSV	TIAKNTGKSV	0.0000	36.3333	0.0015	     0
0	IAKNTVKSVG	PEPLIST	IAKNTVKSV	IAKNTVKSV	0.0000	81.2500	IAKNTVKSG	IAKNTVKSVG	0.0000	85.0000	IAKNTKSVG	IAKNTVKSVG	0.0001	48.2500	IAKNTVKSV	IAKNTVKSV	0.0003	40.2000	IAKNTVKSV	IAKNTVKSV	0.0000	53.3333	IAKNTVKSV	IAKNTVKSV	0.0000	56.6667	0.0001	     0
0	IAKNTGKSVG	PEPLIST	IAKNTGKSV	IAKNTGKSV	0.0000	73.4615	IAKNTGSVG	IAKNTGKSVG	0.0000	82.5000	IAKNTGKSV	IAKNTGKSV	0.0001	38.8571	IAKNTGKSV	IAKNTGKSV	0.0002	47.5455	IAKNTGKSV	IAKNTGKSV	0.0000	57.5000	IAKNTGKSV	IAKNTGKSV	0.0000	65.0000	0.0001	     0
0	AKNTVKSVGK	PEPLIST	ANTVKSVGK	AKNTVKSVGK	0.0001	57.2000	AKNTVSVGK	AKNTVKSVGK	0.0062	6.7617	AKNTVKSVK	AKNTVKSVGK	0.0000	66.0000	AKNTKSVGK	AKNTVKSVGK	0.0000	73.0769	AKNTVKSVK	AKNTVKSVGK	0.0000	31.7500	AKNTKSVGK	AKNTVKSVGK	0.0000	41.0000	0.0011	     0
0	AKNTGKSVGK	PEPLIST	ANTGKSVGK	AKNTGKSVGK	0.0001	50.6452	ANTGKSVGK	AKNTGKSVGK	0.0081	6.0423	AKNTGKSVK	AKNTGKSVGK	0.0000	60.0000	AKNGKSVGK	AKNTGKSVGK	0.0000	70.0000	AKNGKSVGK	AKNTGKSVGK	0.0001	27.6667	AKNGKSVGK	AKNTGKSVGK	0.0000	37.6667	0.0014	     0
0	KNTVKSVGKF	PEPLIST	KTVKSVGKF	KNTVKSVGKF	0.0023	11.3653	KTVKSVGKF	KNTVKSVGKF	0.0006	16.5400	KTVKSVGKF	KNTVKSVGKF	0.0003	27.2381	KNTVKSVKF	KNTVKSVGKF	0.0007	29.2909	KTVKSVGKF	KNTVKSVGKF	0.0001	19.5789	KNTVKSVKF	KNTVKSVGKF	0.0001	26.6000	0.0007	     0
0	KNTGKSVGKF	PEPLIST	KTGKSVGKF	KNTGKSVGKF	0.0025	10.9609	KTGKSVGKF	KNTGKSVGKF	0.0006	16.7300	KTGKSVGKF	KNTGKSVGKF	0.0001	36.2222	KNTGKSVKF	KNTGKSVGKF	0.0007	28.6230	KNTGKSVKF	KNTGKSVGKF	0.0002	18.6364	KNTGKSVKF	KNTGKSVGKF	0.0002	20.1739	0.0007	     0
0	NTVKSVGKFC	PEPLIST	NTVKSVGKF	NTVKSVGKF	0.0002	39.8462	NTKSVGKFC	NTVKSVGKFC	0.0000	56.4286	NVKSVGKFC	NTVKSVGKFC	0.0000	53.0769	NVKSVGKFC	NTVKSVGKFC	0.0004	37.0769	NTVKSVGKF	NTVKSVGKF	0.0000	45.0000	NTVKSVGKF	NTVKSVGKF	0.0000	58.3333	0.0001	     0
0	NTGKSVGKFC	PEPLIST	NTGKSVGKF	NTGKSVGKF	0.0003	35.6111	NTKSVGKFC	NTGKSVGKFC	0.0000	65.0000	NTKSVGKFC	NTGKSVGKFC	0.0000	67.0000	NTKSVGKFC	NTGKSVGKFC	0.0003	42.0000	NTKSVGKFC	NTGKSVGKFC	0.0000	55.0000	NTGKSVGKF	NTGKSVGKF	0.0000	70.0000	0.0001	     0
0	TVKSVGKFCL	PEPLIST	TVKSVGKFL	TVKSVGKFCL	0.0004	31.4167	TVKSVGKFL	TVKSVGKFCL	0.0001	30.1818	TVKSVGKCL	TVKSVGKFCL	0.0058	6.6349	TVKSGKFCL	TVKSVGKFCL	0.0217	4.9769	TVKSVGKFL	TVKSVGKFCL	0.0002	18.8636	TVKSVGKFL	TVKSVGKFCL	0.0001	29.8333	0.0047	     0
0	TGKSVGKFCL	PEPLIST	TGKSVGKFL	TGKSVGKFCL	0.0002	43.0000	TGKSVGKFL	TGKSVGKFCL	0.0000	62.5000	TGKSVGKFL	TGKSVGKFCL	0.0007	17.6364	TGKSGKFCL	TGKSVGKFCL	0.0105	7.7712	TGKSVGKFL	TGKSVGKFCL	0.0001	22.6667	TGKSVGKFL	TGKSVGKFCL	0.0001	31.0000	0.0019	     0
0	VKSVGKFCLE	PEPLIST	VSVGKFCLE	VKSVGKFCLE	0.0001	63.3333	VSVGKFCLE	VKSVGKFCLE	0.0000	48.5000	VKSVGKFCL	VKSVGKFCL	0.0000	85.0000	VKSVGKFCL	VKSVGKFCL	0.0000	71.9231	VKSVGKFCL	VKSVGKFCL	0.0000	60.0000	VKVGKFCLE	VKSVGKFCLE	0.0000	75.0000	0.0000	     0
0	GKSVGKFCLE	PEPLIST	GSVGKFCLE	GKSVGKFCLE	0.0001	67.3333	GSVGKFCLE	GKSVGKFCLE	0.0000	51.2500	GKSVGKFCL	GKSVGKFCL	0.0000	85.0000	GKSVGKFCL	GKSVGKFCL	0.0000	71.5385	GKSVGKFCL	GKSVGKFCL	0.0000	60.0000	GKSGKFCLE	GKSVGKFCLE	0.0000	85.0000	0.0000	     0
0	MPSTIAKNTVK	PEPLIST	MTIAKNTVK	MPSTIAKNTVK	0.0006	24.1304	MTIAKNTVK	MPSTIAKNTVK	0.0810	2.1853	MPIAKNTVK	MPSTIAKNTVK	0.0112	4.8544	MPIAKNTVK	MPSTIAKNTVK	0.0011	24.0745	MTIAKNTVK	MPSTIAKNTVK	0.0000	32.0000	MTIAKNTVK	MPSTIAKNTVK	0.0000	48.0000	0.0157	     0
0	MPSTIAKNTGK	PEPLIST	MTIAKNTGK	MPSTIAKNTGK	0.0006	26.0000	MTIAKNTGK	MPSTIAKNTGK	0.1256	1.6662	MPIAKNTGK	MPSTIAKNTGK	0.0025	9.9866	MPIAKNTGK	MPSTIAKNTGK	0.0003	38.2917	MTIAKNTGK	MPSTIAKNTGK	0.0000	31.7500	MTIAKNTGK	MPSTIAKNTGK	0.0000	55.0000	0.0215	     1
0	PSTIAKNTVKS	PEPLIST	PSAKNTVKS	PSTIAKNTVKS	0.0001	68.3333	STIAKNTVK	STIAKNTVK	0.0001	33.8750	STIAKNTVS	STIAKNTVKS	0.0000	92.5000	STIAKTVKS	STIAKNTVKS	0.0000	92.0000	STIANTVKS	STIAKNTVKS	0.0000	85.0000	STIANTVKS	STIAKNTVKS	0.0000	85.0000	0.0000	     0
0	PSTIAKNTGKS	PEPLIST	PSAKNTGKS	PSTIAKNTGKS	0.0000	76.8182	STIAKNTGK	STIAKNTGK	0.0001	40.0000	STIAKNTKS	STIAKNTGKS	0.0000	95.0000	STIAKNTKS	STIAKNTGKS	0.0000	96.0000	STIKNTGKS	STIAKNTGKS	0.0000	100.0000	STIKNTGKS	STIAKNTGKS	0.0000	100.0000	0.0000	     0
0	STIAKNTVKSV	PEPLIST	STIAKNTSV	STIAKNTVKSV	0.0006	25.9512	STIAKNTVK	STIAKNTVK	0.0020	10.6555	STIAKNTSV	STIAKNTVKSV	0.0010	14.9036	STIAKVKSV	STIAKNTVKSV	0.0040	13.0280	STIAKVKSV	STIAKNTVKSV	0.0002	17.2400	STIAKVKSV	STIAKNTVKSV	0.0000	32.4000	0.0013	     0
0	STIAKNTGKSV	PEPLIST	STINTGKSV	STIAKNTGKSV	0.0007	23.2800	STIAKNTGK	STIAKNTGK	0.0017	11.2880	SAKNTGKSV	STIAKNTGKSV	0.0020	10.9585	SAKNTGKSV	STIAKNTGKSV	0.0037	13.5524	STKNTGKSV	STIAKNTGKSV	0.0001	22.1667	SAKNTGKSV	STIAKNTGKSV	0.0000	37.3333	0.0014	     0
0	TIAKNTVKSVG	PEPLIST	TIAKNTVSV	TIAKNTVKSV	0.0000	75.4545	TIAKNTVKG	TIAKNTVKSVG	0.0000	82.5000	TIAKNTSVG	TIAKNTVKSVG	0.0000	60.0000	TAKNTVKSV	TIAKNTVKSV	0.0001	58.4483	TAKNTVKSV	TIAKNTVKSV	0.0000	75.0000	TAKNTVKSV	TIAKNTVKSV	0.0000	75.0000	0.0000	     0
0	TIAKNTGKSVG	PEPLIST	TAKNTGKSV	TIAKNTGKSV	0.0000	71.5385	TIAKGKSVG	TIAKNTGKSVG	0.0000	85.0000	TIAKGKSVG	TIAKNTGKSVG	0.0000	57.7778	TAKNTGKSV	TIAKNTGKSV	0.0001	60.2273	TIAKNTGSV	TIAKNTGKSV	0.0000	75.0000	TAKNTGKSV	TIAKNTGKSV	0.0000	85.0000	0.0000	     0
0	IAKNTVKSVGK	PEPLIST	IAKNTSVGK	IAKNTVKSVGK	0.0002	47.0000	IAKNTVVGK	IAKNTVKSVGK	0.0436	2.9343	IAKNKSVGK	IAKNTVKSVGK	0.0001	47.0000	IAKNKSVGK	IAKNTVKSVGK	0.0002	49.9000	IAKNTVKSK	IAKNTVKSVGK	0.0000	49.0000	IAKNTVKSK	IAKNTVKSVGK	0.0000	43.0000	0.0073	     0
0	IAKNTGKSVGK	PEPLIST	IAKNTGVGK	IAKNTGKSVGK	0.0002	42.9000	IAKNTSVGK	IAKNTGKSVGK	0.0401	3.0380	IAKGKSVGK	IAKNTGKSVGK	0.0001	39.5714	IAKGKSVGK	IAKNTGKSVGK	0.0001	51.0976	IAKGKSVGK	IAKNTGKSVGK	0.0000	43.0000	IAKNTGKSK	IAKNTGKSVGK	0.0000	42.5000	0.0068	     0
0	AKNTVKSVGKF	PEPLIST	ATVKSVGKF	AKNTVKSVGKF	0.0019	12.8403	ATVKSVGKF	AKNTVKSVGKF	0.0002	27.1250	ATVKSVGKF	AKNTVKSVGKF	0.0002	31.3333	AKNTVKSVF	AKNTVKSVGKF	0.0003	38.1667	AKNTVKSVF	AKNTVKSVGKF	0.0003	15.5789	AKNTVKSVF	AKNTVKSVGKF	0.0003	16.9773	0.0005	     0
0	AKNTGKSVGKF	PEPLIST	ATGKSVGKF	AKNTGKSVGKF	0.0020	12.5475	ATGKSVGKF	AKNTGKSVGKF	0.0002	28.2000	AKNTGKSVF	AKNTGKSVGKF	0.0001	34.0000	AKNTGKSVF	AKNTGKSVGKF	0.0005	33.0811	AKNTGKSVF	AKNTGKSVGKF	0.0003	15.4211	AKNTGKSVF	AKNTGKSVGKF	0.0004	15.4182	0.0006	     0
0	KNTVKSVGKFC	PEPLIST	KTVKSVGKF	KNTVKSVGKF	0.0001	55.4000	KVKSVGKFC	KNTVKSVGKFC	0.0001	31.5000	KVKSVGKFC	KNTVKSVGKFC	0.0000	61.4286	KVKSVGKFC	KNTVKSVGKFC	0.0001	63.8636	KVKSVGKFC	KNTVKSVGKFC	0.0000	60.0000	KNTVKSVKF	KNTVKSVGKF	0.0000	70.0000	0.0001	     0
0	KNTGKSVGKFC	PEPLIST	KTGKSVGKF	KNTGKSVGKF	0.0001	59.0000	KNTGKSVGK	KNTGKSVGK	0.0000	46.0000	KGKSVGKFC	KNTGKSVGKFC	0.0000	80.0000	KNTGKSVKF	KNTGKSVGKF	0.0001	67.5000	KNTGSVGKF	KNTGKSVGKF	0.0000	60.0000	KNTGKSVKF	KNTGKSVGKF	0.0000	58.3333	0.0000	     0
0	NTVKSVGKFCL	PEPLIST	NTVKSVGKL	NTVKSVGKFCL	0.0003	35.5000	NTVKSVGKL	NTVKSVGKFCL	0.0000	59.2857	NTVKSVGKL	NTVKSVGKFCL	0.0002	30.8824	NKSVGKFCL	NTVKSVGKFCL	0.0010	24.7234	NTVKSVGKL	NTVKSVGKFCL	0.0000	40.0000	NTVKSVGKL	NTVKSVGKFCL	0.0000	49.0000	0.0003	     0
0	NTGKSVGKFCL	PEPLIST	NTGKSVGKL	NTGKSVGKFCL	0.0003	35.0000	NTSVGKFCL	NTGKSVGKFCL	0.0000	75.0000	NTSVGKFCL	NTGKSVGKFCL	0.0001	42.2000	NKSVGKFCL	NTGKSVGKFCL	0.0008	26.8750	NKSVGKFCL	NTGKSVGKFCL	0.0000	47.0000	NKSVGKFCL	NTGKSVGKFCL	0.0000	55.0000	0.0002	     0
0	TVKSVGKFCLE	PEPLIST	TSVGKFCLE	TVKSVGKFCLE	0.0001	57.8000	TVKSVGCLE	TVKSVGKFCLE	0.0001	38.6000	TVKSVGKFL	TVKSVGKFCL	0.0001	46.7500	TVKSGKFCL	TVKSVGKFCL	0.0005	31.8605	TVKSVGKFL	TVKSVGKFCL	0.0000	65.0000	TVKGKFCLE	TVKSVGKFCLE	0.0000	75.0000	0.0001	     0
0	TGKSVGKFCLE	PEPLIST	TSVGKFCLE	TGKSVGKFCLE	0.0001	60.7143	TSVGKFCLE	TGKSVGKFCLE	0.0000	60.0000	TGKSVGKFE	TGKSVGKFCLE	0.0000	72.5000	TGKSGKFCL	TGKSVGKFCL	0.0002	42.7059	TGKSVGKFL	TGKSVGKFCL	0.0000	75.0000	TGKGKFCLE	TGKSVGKFCLE	0.0000	85.0000	0.0001	     0
0	VKSVGKFCLEA	PEPLIST	KSVGKFLEA	KSVGKFCLEA	0.0000	79.5455	VVGKFCLEA	VKSVGKFCLEA	0.0000	68.7500	VKSVGKLEA	VKSVGKFCLEA	0.0000	78.3333	VKSVGKLEA	VKSVGKFCLEA	0.0000	73.8462	VKSVGKLEA	VKSVGKFCLEA	0.0000	65.0000	VKSVGKLEA	VKSVGKFCLEA	0.0000	70.0000	0.0000	     0
0	GKSVGKFCLEA	PEPLIST	KSVGKFLEA	KSVGKFCLEA	0.0000	83.1250	KSVGKFLEA	KSVGKFCLEA	0.0000	71.6667	GKSVGKFEA	GKSVGKFCLEA	0.0000	78.3333	GKSVGKLEA	GKSVGKFCLEA	0.0000	71.5385	GKSVGKLEA	GKSVGKFCLEA	0.0000	75.0000	GKSVGKLEA	GKSVGKFCLEA	0.0000	70.0000	0.0000	     0
0	TIAKNTVK	PEPLIST	TIAKNTV-K	TIAKNTVK	0.0003	35.0000	TIAKNTV-K	TIAKNTVK	0.0171	4.4250	TIA-KNTVK	TIAKNTVK	0.0001	39.7143	TIAKNTVK-	TIAKNTVK	0.0003	41.8889	TIA-KNTVK	TIAKNTVK	0.0000	51.6667	TIAKNTV-K	TIAKNTVK	0.0000	45.5000	0.0030	     0
0	TIAKNTGK	PEPLIST	TIAKNT-GK	TIAKNTGK	0.0002	42.0000	TIAKNT-GK	TIAKNTGK	0.0144	4.7650	TIA-KNTGK	TIAKNTGK	0.0000	49.6667	TIAKNTGK-	TIAKNTGK	0.0001	64.5455	TIAKN-TGK	TIAKNTGK	0.0000	57.5000	TIAKNT-GK	TIAKNTGK	0.0000	51.6667	0.0025	     0
0	IAKNTVKS	PEPLIST	IAKNTVKS-	IAKNTVKS	0.0001	66.0000	IAKNTVKS-	IAKNTVKS	0.0000	66.2500	IAKNTVKS-	IAKNTVKS	0.0000	50.3846	IAKNTVKS-	IAKNTVKS	0.0010	24.7979	IAKNTVKS-	IAKNTVKS	0.0000	47.0000	IAKNTVKS-	IAKNTVKS	0.0000	46.0000	0.0002	     0
0	IAKNTGKS	PEPLIST	IAKNTGKS-	IAKNTGKS	0.0000	71.9231	IAKNTGKS-	IAKNTGKS	0.0000	75.0000	IAKNTGKS-	IAKNTGKS	0.0001	45.5000	IAKNTGKS-	IAKNTGKS	0.0004	37.3846	IAKNTGKS-	IAKNTGKS	0.0000	65.0000	IAKNTGKS-	IAKNTGKS	0.0000	55.0000	0.0001	     0
0	AKNTVKSV	PEPLIST	AKNT-VKSV	AKNTVKSV	0.0002	43.5455	AKN-TVKSV	AKNTVKSV	0.0000	63.7500	-AKNTVKSV	AKNTVKSV	0.0002	30.7647	-AKNTVKSV	AKNTVKSV	0.0035	13.9091	AKN-TVKSV	AKNTVKSV	0.0003	15.3421	AKN-TVKSV	AKNTVKSV	0.0002	20.8261	0.0007	     0
0	AKNTGKSV	PEPLIST	AKNT-GKSV	AKNTGKSV	0.0002	41.8333	AKN-TGKSV	AKNTGKSV	0.0000	80.0000	-AKNTGKSV	AKNTGKSV	0.0003	25.5333	AKNTG-KSV	AKNTGKSV	0.0015	20.8046	AKN-TGKSV	AKNTGKSV	0.0001	20.6667	AKN-TGKSV	AKNTGKSV	0.0001	26.5000	0.0004	     0
0	KNTVKSVG	PEPLIST	KNTVKSVG-	KNTVKSVG	0.0000	95.0000	KNTVKSVG-	KNTVKSVG	0.0000	85.0000	KNTVKSVG-	KNTVKSVG	0.0000	92.5000	KNTVK-SVG	KNTVKSVG	0.0000	77.0000	KNT-VKSVG	KNTVKSVG	0.0000	100.0000	KNTVKSVG-	KNTVKSVG	0.0000	85.0000	0.0000	     0
0	KNTGKSVG	PEPLIST	KNTGKSVG-	KNTGKSVG	0.0000	92.1429	KNTGKSVG-	KNTGKSVG	0.0000	80.0000	KNTGKSVG-	KNTGKSVG	0.0000	92.5000	KNTGKSVG-	KNTGKSVG	0.0000	88.5714	KNTGKSVG-	KNTGKSVG	0.0000	85.0000	KNTGKSVG-	KNTGKSVG	0.0000	85.0000	0.0000	     0
0	NTVKSVGK	PEPLIST	NTV-KSVGK	NTVKSVGK	0.0003	34.5556	NTV-KSVGK	NTVKSVGK	0.0044	7.7760	NTV-KSVGK	NTVKSVGK	0.0000	63.5714	NTV-KSVGK	NTVKSVGK	0.0001	65.3125	NTV-KSVGK	NTVKSVGK	0.0000	50.0000	NTV-KSVGK	NTVKSVGK	0.0000	58.3333	0.0008	     0
0	NTGKSVGK	PEPLIST	NTGKSV-GK	NTGKSVGK	0.0004	32.9545	NT-GKSVGK	NTGKSVGK	0.0035	8.5168	NT-GKSVGK	NTGKSVGK	0.0000	69.0000	NT-GKSVGK	NTGKSVGK	0.0000	73.0769	NT-GKSVGK	NTGKSVGK	0.0000	60.0000	NT-GKSVGK	NTGKSVGK	0.0000	70.0000	0.0007	     0
0	TVKSVGKF	PEPLIST	TVKSVG-KF	TVKSVGKF	0.0015	14.8595	TVK-SVGKF	TVKSVGKF	0.0001	31.0000	TVKSVGK-F	TVKSVGKF	0.0014	12.8419	TVKSVG-KF	TVKSVGKF	0.0079	9.1005	TVKSVG-KF	TVKSVGKF	0.0003	13.8364	TVKSVG-KF	TVKSVGKF	0.0005	13.6310	0.0020	     0
0	TGKSVGKF	PEPLIST	-TGKSVGKF	TGKSVGKF	0.0007	22.8246	TGKSV-GKF	TGKSVGKF	0.0000	56.4286	TGK-SVGKF	TGKSVGKF	0.0003	25.6333	TGKSVG-KF	TGKSVGKF	0.0047	12.0310	TGK-SVGKF	TGKSVGKF	0.0003	15.3947	TGKSVG-KF	TGKSVGKF	0.0003	16.3864	0.0011	     0
0	VKSVGKFC	PEPLIST	-VKSVGKFC	VKSVGKFC	0.0000	91.4286	-VKSVGKFC	VKSVGKFC	0.0000	85.0000	-VKSVGKFC	VKSVGKFC	0.0000	81.6667	-VKSVGKFC	VKSVGKFC	0.0001	58.4483	VKS-VGKFC	VKSVGKFC	0.0000	60.0000	VKS-VGKFC	VKSVGKFC	0.0000	51.6667	0.0000	     0
0	GKSVGKFC	PEPLIST	GKSVGKFC-	GKSVGKFC	0.0000	95.7143	GKSVGKFC-	GKSVGKFC	0.0000	90.0000	GKS-VGKFC	GKSVGKFC	0.0000	90.0000	-GKSVGKFC	GKSVGKFC	0.0000	78.5000	GKS-VGKFC	GKSVGKFC	0.0000	65.0000	GKS-VGKFC	GKSVGKFC	0.0000	70.0000	0.0000	     0
0	STIAKNTVK	PEPLIST	STIAKNTVK	STIAKNTVK	0.0053	6.9661	STIAKNTVK	STIAKNTVK	0.7099	0.1967	STIAKNTVK	STIAKNTVK	0.0006	18.9351	STIAKNTVK	STIAKNTVK	0.0007	28.9672	STIAKNTVK	STIAKNTVK	0.0010	8.0708	STIAKNTVK	STIAKNTVK	0.0009	10.0939	0.1197	     1
0	STIAKNTGK	PEPLIST	STIAKNTGK	STIAKNTGK	0.0037	8.5712	STIAKNTGK	STIAKNTGK	0.8093	0.1174	STIAKNTGK	STIAKNTGK	0.0003	25.8000	STIAKNTGK	STIAKNTGK	0.0004	36.1379	STIAKNTGK	STIAKNTGK	0.0007	9.4671	STIAKNTGK	STIAKNTGK	0.0006	11.9774	0.1359	     1
0	TIAKNTVKS	PEPLIST	TIAKNTVKS	TIAKNTVKS	0.0007	22.8596	TIAKNTVKS	TIAKNTVKS	0.0004	20.2391	TIAKNTVKS	TIAKNTVKS	0.0005	20.9821	TIAKNTVKS	TIAKNTVKS	0.0007	29.4182	TIAKNTVKS	TIAKNTVKS	0.0000	38.5000	TIAKNTVKS	TIAKNTVKS	0.0000	40.0000	0.0004	     0
0	TIAKNTGKS	PEPLIST	TIAKNTGKS	TIAKNTGKS	0.0003	36.1250	TIAKNTGKS	TIAKNTGKS	0.0001	36.3333	TIAKNTGKS	TIAKNTGKS	0.0002	30.7647	TIAKNTGKS	TIAKNTGKS	0.0001	54.8780	TIAKNTGKS	TIAKNTGKS	0.0000	57.5000	TIAKNTGKS	TIAKNTGKS	0.0000	55.0000	0.0001	     0
0	IAKNTVKSV	PEPLIST	IAKNTVKSV	IAKNTVKSV	0.0008	21.6613	IAKNTVKSV	IAKNTVKSV	0.0005	19.0351	IAKNTVKSV	IAKNTVKSV	0.0235	3.3012	IAKNTVKSV	IAKNTVKSV	0.2026	0.7854	IAKNTVKSV	IAKNTVKSV	0.0179	1.4391	IAKNTVKSV	IAKNTVKSV	0.0050	4.4034	0.0417	     2
0	IAKNTGKSV	PEPLIST	IAKNTGKSV	IAKNTGKSV	0.0005	28.1667	IAKNTGKSV	IAKNTGKSV	0.0001	32.7778	IAKNTGKSV	IAKNTGKSV	0.0370	2.5909	IAKNTGKSV	IAKNTGKSV	0.0765	2.0610	IAKNTGKSV	IAKNTGKSV	0.0042	3.5984	IAKNTGKSV	IAKNTGKSV	0.0018	7.2979	0.0200	     0
0	AKNTVKSVG	PEPLIST	AKNTVKSVG	AKNTVKSVG	0.0000	92.1429	AKNTVKSVG	AKNTVKSVG	0.0000	71.6667	AKNTVKSVG	AKNTVKSVG	0.0000	56.1111	AKNTVKSVG	AKNTVKSVG	0.0001	68.4375	AKNTVKSVG	AKNTVKSVG	0.0000	33.6667	AKNTVKSVG	AKNTVKSVG	0.0000	46.0000	0.0000	     0
0	AKNTGKSVG	PEPLIST	AKNTGKSVG	AKNTGKSVG	0.0000	92.8571	AKNTGKSVG	AKNTGKSVG	0.0000	82.5000	AKNTGKSVG	AKNTGKSVG	0.0000	61.4286	AKNTGKSVG	AKNTGKSVG	0.0001	68.7500	AKNTGKSVG	AKNTGKSVG	0.0000	43.0000	AKNTGKSVG	AKNTGKSVG	0.0000	49.0000	0.0000	     0
0	KNTVKSVGK	PEPLIST	KNTVKSVGK	KNTVKSVGK	0.0002	45.3000	KNTVKSVGK	KNTVKSVGK	0.0300	3.4695	KNTVKSVGK	KNTVKSVGK	0.0000	59.4444	KNTVKSVGK	KNTVKSVGK	0.0002	49.9000	KNTVKSVGK	KNTVKSVGK	0.0001	27.6667	KNTVKSVGK	KNTVKSVGK	0.0000	41.0000	0.0051	     0
0	KNTGKSVGK	PEPLIST	KNTGKSVGK	KNTGKSVGK	0.0002	42.4000	KNTGKSVGK	KNTGKSVGK	0.0571	2.5912	KNTGKSVGK	KNTGKSVGK	0.0000	51.9231	KNTGKSVGK	KNTGKSVGK	0.0001	52.0732	KNTGKSVGK	KNTGKSVGK	0.0001	20.0667	KNTGKSVGK	KNTGKSVGK	0.0002	20.8261	0.0096	     0
0	NTVKSVGKF	PEPLIST	NTVKSVGKF	NTVKSVGKF	0.0220	3.1836	NTVKSVGKF	NTVKSVGKF	0.0005	18.6714	NTVKSVGKF	NTVKSVGKF	0.0016	12.0662	NTVKSVGKF	NTVKSVGKF	0.0031	14.8860	NTVKSVGKF	NTVKSVGKF	0.0041	3.6806	NTVKSVGKF	NTVKSVGKF	0.0027	6.0285	0.0057	     0
0	NTGKSVGKF	PEPLIST	NTGKSVGKF	NTGKSVGKF	0.0269	2.8618	NTGKSVGKF	NTGKSVGKF	0.0003	22.4857	NTGKSVGKF	NTGKSVGKF	0.0006	19.0441	NTGKSVGKF	NTGKSVGKF	0.0019	18.5023	NTGKSVGKF	NTGKSVGKF	0.0019	5.6412	NTGKSVGKF	NTGKSVGKF	0.0011	9.2910	0.0055	     0
0	TVKSVGKFC	PEPLIST	TVKSVGKFC	TVKSVGKFC	0.0001	51.4516	TVKSVGKFC	TVKSVGKFC	0.0004	19.7895	TVKSVGKFC	TVKSVGKFC	0.0013	13.6085	TVKSVGKFC	TVKSVGKFC	0.0030	15.0026	TVKSVGKFC	TVKSVGKFC	0.0004	12.7463	TVKSVGKFC	TVKSVGKFC	0.0001	26.6000	0.0009	     0
0	TGKSVGKFC	PEPLIST	TGKSVGKFC	TGKSVGKFC	0.0001	60.2381	TGKSVGKFC	TGKSVGKFC	0.0000	52.5000	TGKSVGKFC	TGKSVGKFC	0.0001	33.9091	TGKSVGKFC	TGKSVGKFC	0.0012	22.4615	TGKSVGKFC	TGKSVGKFC	0.0001	20.6000	TGKSVGKFC	TGKSVGKFC	0.0000	36.3333	0.0003	     0
0	VKSVGKFCL	PEPLIST	VKSVGKFCL	VKSVGKFCL	0.0002	43.3636	VKSVGKFCL	VKSVGKFCL	0.0001	40.8000	VKSVGKFCL	VKSVGKFCL	0.0007	17.8182	VKSVGKFCL	VKSVGKFCL	0.0111	7.5306	VKSVGKFCL	VKSVGKFCL	0.0015	6.3106	VKSVGKFCL	VKSVGKFCL	0.0022	6.7193	0.0026	     0
0	GKSVGKFCL	PEPLIST	GKSVGKFCL	GKSVGKFCL	0.0002	46.1250	GKSVGKFCL	GKSVGKFCL	0.0000	48.5000	GKSVGKFCL	GKSVGKFCL	0.0005	20.6429	GKSVGKFCL	GKSVGKFCL	0.0057	10.8547	GKSVGKFCL	GKSVGKFCL	0.0015	6.4714	GKSVGKFCL	GKSVGKFCL	0.0008	10.9613	0.0014	     0
0	PSTIAKNTVK	PEPLIST	PTIAKNTVK	PSTIAKNTVK	0.0004	30.4286	STIAKNTVK	STIAKNTVK	0.0327	3.3540	STIAKNTVK	STIAKNTVK	0.0000	71.2500	STIAKNTVK	STIAKNTVK	0.0000	85.0000	STIAKNTVK	STIAKNTVK	0.0000	62.5000	STIAKNTVK	STIAKNTVK	0.0000	75.0000	0.0055	     0
0	PSTIAKNTGK	PEPLIST	PTIAKNTGK	PSTIAKNTGK	0.0003	37.0667	STIAKNTGK	STIAKNTGK	0.0366	3.1893	STIAKNTGK	STIAKNTGK	0.0000	78.3333	STIAKNTGK	STIAKNTGK	0.0000	90.0000	STIAKNTGK	STIAKNTGK	0.0000	65.0000	STIAKNTGK	STIAKNTGK	0.0000	85.0000	0.0061	     0
0	STIAKNTVKS	PEPLIST	STAKNTVKS	STIAKNTVKS	0.0007	23.2600	STIAKNTVK	STIAKNTVK	0.0217	3.9892	STIAKNTVS	STIAKNTVKS	0.0001	37.6250	STIAKTVKS	STIAKNTVKS	0.0001	50.8537	STAKNTVKS	STIAKNTVKS	0.0000	51.6667	STIAKTVKS	STIAKNTVKS	0.0000	58.3333	0.0038	     0
0	STIAKNTGKS	PEPLIST	STAKNTGKS	STIAKNTGKS	0.0004	32.4091	STIAKNTGK	STIAKNTGK	0.0240	3.8432	STIAKNTKS	STIAKNTGKS	0.0001	45.2500	STIAKNTKS	STIAKNTGKS	0.0001	61.5909	STIAKNTKS	STIAKNTGKS	0.0000	60.0000	STIAKNTKS	STIAKNTGKS	0.0000	65.0000	0.0041	     0
0	TIAKNTVKSV	PEPLIST	TIAKNTVSV	TIAKNTVKSV	0.0006	26.3514	TIAKNTVSV	TIAKNTVKSV	0.0002	28.8667	TIAKNTVSV	TIAKNTVKSV	0.0016	12.3015	TIKNTVKSV	TIAKNTVKSV	0.0066	10.0073	TAKNTVKSV	TIAKNTVKSV	0.0002	18.4091	TAKNTVKSV	TIAKNTVKSV	0.0001	27.7500	0.0015	     0
0	TIAKNTGKSV	PEPLIST	TIAKNGKSV	TIAKNTGKSV	0.0005	28.6000	TIANTGKSV	TIAKNTGKSV	0.0001	40.0000	TAKNTGKSV	TIAKNTGKSV	0.0031	8.9786	TIKNTGKSV	TIAKNTGKSV	0.0052	11.3837	TAKNTGKSV	TIAKNTGKSV	0.0001	24.4444	TAKNTGKSV	TIAKNTGKSV	0.0000	36.3333	0.0015	     0
0	IAKNTVKSVG	PEPLIST	IAKNTVKSV	IAKNTVKSV	0.0000	81.2500	IAKNTVKSG	IAKNTVKSVG	0.0000	85.0000	IAKNTKSVG	IAKNTVKSVG	0.0001	48.2500	IAKNTVKSV	IAKNTVKSV	0.0003	40.2000	IAKNTVKSV	IAKNTVKSV	0.0000	53.3333	IAKNTVKSV	IAKNTVKSV	0.0000	56.6667	0.0001	     0
0	IAKNTGKSVG	PEPLIST	IAKNTGKSV	IAKNTGKSV	0.0000	73.4615	IAKNTGSVG	IAKNTGKSVG	0.0000	82.5000	IAKNTGKSV	IAKNTGKSV	0.0001	38.8571	IAKNTGKSV	IAKNTGKSV	0.0002	47.5455	IAKNTGKSV	IAKNTGKSV	0.0000	57.5000	IAKNTGKSV	IAKNTGKSV	0.0000	65.0000	0.0001	     0
0	AKNTVKSVGK	PEPLIST	ANTVKSVGK	AKNTVKSVGK	0.0001	57.2000	AKNTVSVGK	AKNTVKSVGK	0.0062	6.7617	AKNTVKSVK	AKNTVKSVGK	0.0000	66.0000	AKNTKSVGK	AKNTVKSVGK	0.0000	73.0769	AKNTVKSVK	AKNTVKSVGK	0.0000	31.7500	AKNTKSVGK	AKNTVKSVGK	0.0000	41.0000	0.0011	     0
0	AKNTGKSVGK	PEPLIST	ANTGKSVGK	AKNTGKSVGK	0.0001	50.6452	ANTGKSVGK	AKNTGKSVGK	0.0081	6.0423	AKNTGKSVK	AKNTGKSVGK	0.0000	60.0000	AKNGKSVGK	AKNTGKSVGK	0.0000	70.0000	AKNGKSVGK	AKNTGKSVGK	0.0001	27.6667	AKNGKSVGK	AKNTGKSVGK	0.0000	37.6667	0.0014	     0
0	KNTVKSVGKF	PEPLIST	KTVKSVGKF	KNTVKSVGKF	0.0023	11.3653	KTVKSVGKF	KNTVKSVGKF	0.0006	16.5400	KTVKSVGKF	KNTVKSVGKF	0.0003	27.2381	KNTVKSVKF	KNTVKSVGKF	0.0007	29.2909	KTVKSVGKF	KNTVKSVGKF	0.0001	19.5789	KNTVKSVKF	KNTVKSVGKF	0.0001	26.6000	0.0007	     0
0	KNTGKSVGKF	PEPLIST	KTGKSVGKF	KNTGKSVGKF	0.0025	10.9609	KTGKSVGKF	KNTGKSVGKF	0.0006	16.7300	KTGKSVGKF	KNTGKSVGKF	0.0001	36.2222	KNTGKSVKF	KNTGKSVGKF	0.0007	28.6230	KNTGKSVKF	KNTGKSVGKF	0.0002	18.6364	KNTGKSVKF	KNTGKSVGKF	0.0002	20.1739	0.0007	     0
0	NTVKSVGKFC	PEPLIST	NTVKSVGKF	NTVKSVGKF	0.0002	39.8462	NTKSVGKFC	NTVKSVGKFC	0.0000	56.4286	NVKSVGKFC	NTVKSVGKFC	0.0000	53.0769	NVKSVGKFC	NTVKSVGKFC	0.0004	37.0769	NTVKSVGKF	NTVKSVGKF	0.0000	45.0000	NTVKSVGKF	NTVKSVGKF	0.0000	58.3333	0.0001	     0
0	NTGKSVGKFC	PEPLIST	NTGKSVGKF	NTGKSVGKF	0.0003	35.6111	NTKSVGKFC	NTGKSVGKFC	0.0000	65.0000	NTKSVGKFC	NTGKSVGKFC	0.0000	67.0000	NTKSVGKFC	NTGKSVGKFC	0.0003	42.0000	NTKSVGKFC	NTGKSVGKFC	0.0000	55.0000	NTGKSVGKF	NTGKSVGKF	0.0000	70.0000	0.0001	     0
0	TVKSVGKFCL	PEPLIST	TVKSVGKFL	TVKSVGKFCL	0.0004	31.4167	TVKSVGKFL	TVKSVGKFCL	0.0001	30.1818	TVKSVGKCL	TVKSVGKFCL	0.0058	6.6349	TVKSGKFCL	TVKSVGKFCL	0.0217	4.9769	TVKSVGKFL	TVKSVGKFCL	0.0002	18.8636	TVKSVGKFL	TVKSVGKFCL	0.0001	29.8333	0.0047	     0
0	TGKSVGKFCL	PEPLIST	TGKSVGKFL	TGKSVGKFCL	0.0002	43.0000	TGKSVGKFL	TGKSVGKFCL	0.0000	62.5000	TGKSVGKFL	TGKSVGKFCL	0.0007	17.6364	TGKSGKFCL	TGKSVGKFCL	0.0105	7.7712	TGKSVGKFL	TGKSVGKFCL	0.0001	22.6667	TGKSVGKFL	TGKSVGKFCL	0.0001	31.0000	0.0019	     0
0	VKSVGKFCLE	PEPLIST	VSVGKFCLE	VKSVGKFCLE	0.0001	63.3333	VSVGKFCLE	VKSVGKFCLE	0.0000	48.5000	VKSVGKFCL	VKSVGKFCL	0.0000	85.0000	VKSVGKFCL	VKSVGKFCL	0.0000	71.9231	VKSVGKFCL	VKSVGKFCL	0.0000	60.0000	VKVGKFCLE	VKSVGKFCLE	0.0000	75.0000	0.0000	     0
0	GKSVGKFCLE	PEPLIST	GSVGKFCLE	GKSVGKFCLE	0.0001	67.3333	GSVGKFCLE	GKSVGKFCLE	0.0000	51.2500	GKSVGKFCL	GKSVGKFCL	0.0000	85.0000	GKSVGKFCL	GKSVGKFCL	0.0000	71.5385	GKSVGKFCL	GKSVGKFCL	0.0000	60.0000	GKSGKFCLE	GKSVGKFCLE	0.0000	85.0000	0.0000	     0
0	MPSTIAKNTVK	PEPLIST	MTIAKNTVK	MPSTIAKNTVK	0.0006	24.1304	MTIAKNTVK	MPSTIAKNTVK	0.0810	2.1853	MPIAKNTVK	MPSTIAKNTVK	0.0112	4.8544	MPIAKNTVK	MPSTIAKNTVK	0.0011	24.0745	MTIAKNTVK	MPSTIAKNTVK	0.0000	32.0000	MTIAKNTVK	MPSTIAKNTVK	0.0000	48.0000	0.0157	     0
0	MPSTIAKNTGK	PEPLIST	MTIAKNTGK	MPSTIAKNTGK	0.0006	26.0000	MTIAKNTGK	MPSTIAKNTGK	0.1256	1.6662	MPIAKNTGK	MPSTIAKNTGK	0.0025	9.9866	MPIAKNTGK	MPSTIAKNTGK	0.0003	38.2917	MTIAKNTGK	MPSTIAKNTGK	0.0000	31.7500	MTIAKNTGK	MPSTIAKNTGK	0.0000	55.0000	0.0215	     1
0	PSTIAKNTVKS	PEPLIST	PSAKNTVKS	PSTIAKNTVKS	0.0001	68.3333	STIAKNTVK	STIAKNTVK	0.0001	33.8750	STIAKNTVS	STIAKNTVKS	0.0000	92.5000	STIAKTVKS	STIAKNTVKS	0.0000	92.0000	STIANTVKS	STIAKNTVKS	0.0000	85.0000	STIANTVKS	STIAKNTVKS	0.0000	85.0000	0.0000	     0
0	PSTIAKNTGKS	PEPLIST	PSAKNTGKS	PSTIAKNTGKS	0.0000	76.8182	STIAKNTGK	STIAKNTGK	0.0001	40.0000	STIAKNTKS	STIAKNTGKS	0.0000	95.0000	STIAKNTKS	STIAKNTGKS	0.0000	96.0000	STIKNTGKS	STIAKNTGKS	0.0000	100.0000	STIKNTGKS	STIAKNTGKS	0.0000	100.0000	0.0000	     0
0	STIAKNTVKSV	PEPLIST	STIAKNTSV	STIAKNTVKSV	0.0006	25.9512	STIAKNTVK	STIAKNTVK	0.0020	10.6555	STIAKNTSV	STIAKNTVKSV	0.0010	14.9036	STIAKVKSV	STIAKNTVKSV	0.0040	13.0280	STIAKVKSV	STIAKNTVKSV	0.0002	17.2400	STIAKVKSV	STIAKNTVKSV	0.0000	32.4000	0.0013	     0
0	STIAKNTGKSV	PEPLIST	STINTGKSV	STIAKNTGKSV	0.0007	23.2800	STIAKNTGK	STIAKNTGK	0.0017	11.2880	SAKNTGKSV	STIAKNTGKSV	0.0020	10.9585	SAKNTGKSV	STIAKNTGKSV	0.0037	13.5524	STKNTGKSV	STIAKNTGKSV	0.0001	22.1667	SAKNTGKSV	STIAKNTGKSV	0.0000	37.3333	0.0014	     0
0	TIAKNTVKSVG	PEPLIST	TIAKNTVSV	TIAKNTVKSV	0.0000	75.4545	TIAKNTVKG	TIAKNTVKSVG	0.0000	82.5000	TIAKNTSVG	TIAKNTVKSVG	0.0000	60.0000	TAKNTVKSV	TIAKNTVKSV	0.0001	58.4483	TAKNTVKSV	TIAKNTVKSV	0.0000	75.0000	TAKNTVKSV	TIAKNTVKSV	0.0000	75.0000	0.0000	     0
0	TIAKNTGKSVG	PEPLIST	TAKNTGKSV	TIAKNTGKSV	0.0000	71.5385	TIAKGKSVG	TIAKNTGKSVG	0.0000	85.0000	TIAKGKSVG	TIAKNTGKSVG	0.0000	57.7778	TAKNTGKSV	TIAKNTGKSV	0.0001	60.2273	TIAKNTGSV	TIAKNTGKSV	0.0000	75.0000	TAKNTGKSV	TIAKNTGKSV	0.0000	85.0000	0.0000	     0
0	IAKNTVKSVGK	PEPLIST	IAKNTSVGK	IAKNTVKSVGK	0.0002	47.0000	IAKNTVVGK	IAKNTVKSVGK	0.0436	2.9343	IAKNKSVGK	IAKNTVKSVGK	0.0001	47.0000	IAKNKSVGK	IAKNTVKSVGK	0.0002	49.9000	IAKNTVKSK	IAKNTVKSVGK	0.0000	49.0000	IAKNTVKSK	IAKNTVKSVGK	0.0000	43.0000	0.0073	     0
0	IAKNTGKSVGK	PEPLIST	IAKNTGVGK	IAKNTGKSVGK	0.0002	42.9000	IAKNTSVGK	IAKNTGKSVGK	0.0401	3.0380	IAKGKSVGK	IAKNTGKSVGK	0.0001	39.5714	IAKGKSVGK	IAKNTGKSVGK	0.0001	51.0976	IAKGKSVGK	IAKNTGKSVGK	0.0000	43.0000	IAKNTGKSK	IAKNTGKSVGK	0.0000	42.5000	0.0068	     0
0	AKNTVKSVGKF	PEPLIST	ATVKSVGKF	AKNTVKSVGKF	0.0019	12.8403	ATVKSVGKF	AKNTVKSVGKF	0.0002	27.1250	ATVKSVGKF	AKNTVKSVGKF	0.0002	31.3333	AKNTVKSVF	AKNTVKSVGKF	0.0003	38.1667	AKNTVKSVF	AKNTVKSVGKF	0.0003	15.5789	AKNTVKSVF	AKNTVKSVGKF	0.0003	16.9773	0.0005	     0
0	AKNTGKSVGKF	PEPLIST	ATGKSVGKF	AKNTGKSVGKF	0.0020	12.5475	ATGKSVGKF	AKNTGKSVGKF	0.0002	28.2000	AKNTGKSVF	AKNTGKSVGKF	0.0001	34.0000	AKNTGKSVF	AKNTGKSVGKF	0.0005	33.0811	AKNTGKSVF	AKNTGKSVGKF	0.0003	15.4211	AKNTGKSVF	AKNTGKSVGKF	0.0004	15.4182	0.0006	     0
0	KNTVKSVGKFC	PEPLIST	KTVKSVGKF	KNTVKSVGKF	0.0001	55.4000	KVKSVGKFC	KNTVKSVGKFC	0.0001	31.5000	KVKSVGKFC	KNTVKSVGKFC	0.0000	61.4286	KVKSVGKFC	KNTVKSVGKFC	0.0001	63.8636	KVKSVGKFC	KNTVKSVGKFC	0.0000	60.0000	KNTVKSVKF	KNTVKSVGKF	0.0000	70.0000	0.0001	     0
0	KNTGKSVGKFC	PEPLIST	KTGKSVGKF	KNTGKSVGKF	0.0001	59.0000	KNTGKSVGK	KNTGKSVGK	0.0000	46.0000	KGKSVGKFC	KNTGKSVGKFC	0.0000	80.0000	KNTGKSVKF	KNTGKSVGKF	0.0001	67.5000	KNTGSVGKF	KNTGKSVGKF	0.0000	60.0000	KNTGKSVKF	KNTGKSVGKF	0.0000	58.3333	0.0000	     0
0	NTVKSVGKFCL	PEPLIST	NTVKSVGKL	NTVKSVGKFCL	0.0003	35.5000	NTVKSVGKL	NTVKSVGKFCL	0.0000	59.2857	NTVKSVGKL	NTVKSVGKFCL	0.0002	30.8824	NKSVGKFCL	NTVKSVGKFCL	0.0010	24.7234	NTVKSVGKL	NTVKSVGKFCL	0.0000	40.0000	NTVKSVGKL	NTVKSVGKFCL	0.0000	49.0000	0.0003	     0
0	NTGKSVGKFCL	PEPLIST	NTGKSVGKL	NTGKSVGKFCL	0.0003	35.0000	NTSVGKFCL	NTGKSVGKFCL	0.0000	75.0000	NTSVGKFCL	NTGKSVGKFCL	0.0001	42.2000	NKSVGKFCL	NTGKSVGKFCL	0.0008	26.8750	NKSVGKFCL	NTGKSVGKFCL	0.0000	47.0000	NKSVGKFCL	NTGKSVGKFCL	0.0000	55.0000	0.0002	     0
0	TVKSVGKFCLE	PEPLIST	TSVGKFCLE	TVKSVGKFCLE	0.0001	57.8000	TVKSVGCLE	TVKSVGKFCLE	0.0001	38.6000	TVKSVGKFL	TVKSVGKFCL	0.0001	46.7500	TVKSGKFCL	TVKSVGKFCL	0.0005	31.8605	TVKSVGKFL	TVKSVGKFCL	0.0000	65.0000	TVKGKFCLE	TVKSVGKFCLE	0.0000	75.0000	0.0001	     0
0	TGKSVGKFCLE	PEPLIST	TSVGKFCLE	TGKSVGKFCLE	0.0001	60.7143	TSVGKFCLE	TGKSVGKFCLE	0.0000	60.0000	TGKSVGKFE	TGKSVGKFCLE	0.0000	72.5000	TGKSGKFCL	TGKSVGKFCL	0.0002	42.7059	TGKSVGKFL	TGKSVGKFCL	0.0000	75.0000	TGKGKFCLE	TGKSVGKFCLE	0.0000	85.0000	0.0001	     0
0	VKSVGKFCLEA	PEPLIST	KSVGKFLEA	KSVGKFCLEA	0.0000	79.5455	VVGKFCLEA	VKSVGKFCLEA	0.0000	68.7500	VKSVGKLEA	VKSVGKFCLEA	0.0000	78.3333	VKSVGKLEA	VKSVGKFCLEA	0.0000	73.8462	VKSVGKLEA	VKSVGKFCLEA	0.0000	65.0000	VKSVGKLEA	VKSVGKFCLEA	0.0000	70.0000	0.0000	     0
0	GKSVGKFCLEA	PEPLIST	KSVGKFLEA	KSVGKFCLEA	0.0000	83.1250	KSVGKFLEA	KSVGKFCLEA	0.0000	71.6667	GKSVGKFEA	GKSVGKFCLEA	0.0000	78.3333	GKSVGKLEA	GKSVGKFCLEA	0.0000	71.5385	GKSVGKLEA	GKSVGKFCLEA	0.0000	75.0000	GKSVGKLEA	GKSVGKFCLEA	0.0000	70.0000	0.0000	     0
0	PAYTNSFT	PEPLIST	PAYTNSFT-	PAYTNSFT	0.0001	56.0000	PAYTNSFT-	PAYTNSFT	0.0000	85.0000	-PAYTNSFT	PAYTNSFT	0.0001	40.4286	PAYTNSFT-	PAYTNSFT	0.0000	71.5385	PAYTNSFT-	PAYTNSFT	0.0000	85.0000	PAYTNSFT-	PAYTNSFT	0.0000	70.0000	0.0000	     0
0	PAYTNSVT	PEPLIST	PAYTNSVT-	PAYTNSVT	0.0001	61.6667	PAYTNSVT-	PAYTNSVT	0.0000	85.0000	-PAYTNSVT	PAYTNSVT	0.0002	30.5882	PAYTNSVT-	PAYTNSVT	0.0001	58.9655	PAYTNSVT-	PAYTNSVT	0.0000	75.0000	PAYTNSVT-	PAYTNSVT	0.0000	70.0000	0.0001	     0
0	AYTNSFTG	PEPLIST	-AYTNSFTG	AYTNSFTG	0.0000	83.1250	AYTNSFTG-	AYTNSFTG	0.0000	80.0000	AYTNSFTG-	AYTNSFTG	0.0000	65.0000	-AYTNSFTG	AYTNSFTG	0.0000	78.0000	AYT-NSFTG	AYTNSFTG	0.0000	45.0000	AYTNSFTG-	AYTNSFTG	0.0000	39.5000	0.0000	     0
0	AYTNSVTG	PEPLIST	AYTNSVTG-	AYTNSVTG	0.0000	81.2500	AYTNSVTG-	AYTNSVTG	0.0000	80.0000	AYT-NSVTG	AYTNSVTG	0.0000	61.4286	-AYTNSVTG	AYTNSVTG	0.0000	69.3750	AYT-NSVTG	AYTNSVTG	0.0000	40.5000	AYTNSVTG-	AYTNSVTG	0.0000	42.0000	0.0000	     0
0	YTNSFTGG	PEPLIST	YTNSFTGG-	YTNSFTGG	0.0006	26.2432	YTNSFTGG-	YTNSFTGG	0.0000	63.7500	YTNSFTGG-	YTNSFTGG	0.0000	73.7500	YTN-SFTGG	YTNSFTGG	0.0000	80.0000	YTNSFTGG-	YTNSFTGG	0.0000	65.0000	YTNSFTGG-	YTNSFTGG	0.0000	75.0000	0.0001	     0
0	YTNSVTGG	PEPLIST	YTNSVTGG-	YTNSVTGG	0.0006	26.0270	YTNSVTGG-	YTNSVTGG	0.0000	58.5714	YTNSVTGG-	YTNSVTGG	0.0000	71.2500	YTNSVTGG-	YTNSVTGG	0.0000	76.0000	YTNSVTGG-	YTNSVTGG	0.0000	62.5000	YTNSVTGG-	YTNSVTGG	0.0000	75.0000	0.0001	     0
0	TNSFTGGV	PEPLIST	TNS-FTGGV	TNSFTGGV	0.0003	36.0625	-TNSFTGGV	TNSFTGGV	0.0000	77.5000	TNS-FTGGV	TNSFTGGV	0.0000	60.0000	TNS-FTGGV	TNSFTGGV	0.0001	54.2683	TNS-FTGGV	TNSFTGGV	0.0000	60.0000	T-NSFTGGV	TNSFTGGV	0.0000	65.0000	0.0001	     0
0	TNSVTGGV	PEPLIST	TNS-VTGGV	TNSVTGGV	0.0003	35.6111	-TNSVTGGV	TNSVTGGV	0.0000	82.5000	TNS-VTGGV	TNSVTGGV	0.0000	58.3333	TNS-VTGGV	TNSVTGGV	0.0001	50.7317	T-NSVTGGV	TNSVTGGV	0.0000	57.5000	T-NSVTGGV	TNSVTGGV	0.0000	58.3333	0.0001	     0
0	NSFTGGVY	PEPLIST	NSF-TGGVY	NSFTGGVY	0.0623	1.7315	NSF-TGGVY	NSFTGGVY	0.0005	18.8429	NSF-TGGVY	NSFTGGVY	0.0002	32.0769	NSFTGG-VY	NSFTGGVY	0.0004	35.3667	NSF-TGGVY	NSFTGGVY	0.0020	5.4248	NSFTGG-VY	NSFTGGVY	0.0015	8.0824	0.0111	     1
0	NSVTGGVY	PEPLIST	NSV-TGGVY	NSVTGGVY	0.0297	2.7181	NSVTGGV-Y	NSVTGGVY	0.0001	33.5000	NSV-TGGVY	NSVTGGVY	0.0001	41.6000	NSVTGG-VY	NSVTGGVY	0.0002	47.7273	NSV-TGGVY	NSVTGGVY	0.0006	10.7593	NSV-TGGVY	NSVTGGVY	0.0004	13.9881	0.0052	     0
0	SFTGGVYY	PEPLIST	-SFTGGVYY	SFTGGVYY	0.0419	2.2356	-SFTGGVYY	SFTGGVYY	0.0014	12.2604	SFT-GGVYY	SFTGGVYY	0.0001	40.2857	SF-TGGVYY	SFTGGVYY	0.0004	34.6667	SFTGGV-YY	SFTGGVYY	0.0026	4.8270	SFT-GGVYY	SFTGGVYY	0.0129	2.5803	0.0099	     0
0	SVTGGVYY	PEPLIST	SVT-GGVYY	SVTGGVYY	0.0477	2.0413	SVT-GGVYY	SVTGGVYY	0.0045	7.6870	SVT-GGVYY	SVTGGVYY	0.0002	29.1765	SV-TGGVYY	SVTGGVYY	0.0002	48.8000	SVTGG-VYY	SVTGGVYY	0.0013	7.0464	SVT-GGVYY	SVTGGVYY	0.0013	8.4894	0.0092	     0
0	FTGGVYYP	PEPLIST	FTG-GVYYP	FTGGVYYP	0.0002	47.4444	FTG-GVYYP	FTGGVYYP	0.0000	71.6667	FTGGVYYP-	FTGGVYYP	0.0000	76.6667	FT-GGVYYP	FTGGVYYP	0.0001	68.4375	FT-GGVYYP	FTGGVYYP	0.0000	60.0000	FT-GGVYYP	FTGGVYYP	0.0000	75.0000	0.0000	     0
0	VTGGVYYP	PEPLIST	VTGGV-YYP	VTGGVYYP	0.0002	47.3333	VTGGVYYP-	VTGGVYYP	0.0000	59.2857	VT-GGVYYP	VTGGVYYP	0.0000	81.6667	VT-GGVYYP	VTGGVYYP	0.0000	76.0000	VT-GGVYYP	VTGGVYYP	0.0000	75.0000	VTG-GVYYP	VTGGVYYP	0.0000	85.0000	0.0000	     0
0	PPAYTNSFT	PEPLIST	PPAYTNSFT	PPAYTNSFT	0.0000	75.4545	PPAYTNSFT	PPAYTNSFT	0.0000	80.0000	PPAYTNSFT	PPAYTNSFT	0.0004	21.9796	PPAYTNSFT	PPAYTNSFT	0.0001	62.7273	PPAYTNSFT	PPAYTNSFT	0.0000	85.0000	PPAYTNSFT	PPAYTNSFT	0.0000	85.0000	0.0001	     0
0	PPAYTNSVT	PEPLIST	PPAYTNSVT	PPAYTNSVT	0.0001	66.0000	PPAYTNSVT	PPAYTNSVT	0.0000	80.0000	PPAYTNSVT	PPAYTNSVT	0.0019	11.3724	PPAYTNSVT	PPAYTNSVT	0.0001	53.2927	PPAYTNSVT	PPAYTNSVT	0.0000	85.0000	PPAYTNSVT	PPAYTNSVT	0.0000	75.0000	0.0003	     0
0	PAYTNSFTG	PEPLIST	PAYTNSFTG	PAYTNSFTG	0.0001	50.9677	PAYTNSFTG	PAYTNSFTG	0.0000	85.0000	PAYTNSFTG	PAYTNSFTG	0.0000	68.0000	PAYTNSFTG	PAYTNSFTG	0.0000	70.7692	PAYTNSFTG	PAYTNSFTG	0.0000	62.5000	PAYTNSFTG	PAYTNSFTG	0.0000	70.0000	0.0000	     0
0	PAYTNSVTG	PEPLIST	PAYTNSVTG	PAYTNSVTG	0.0001	50.8064	PAYTNSVTG	PAYTNSVTG	0.0000	82.5000	PAYTNSVTG	PAYTNSVTG	0.0000	52.6923	PAYTNSVTG	PAYTNSVTG	0.0001	57.9310	PAYTNSVTG	PAYTNSVTG	0.0000	57.5000	PAYTNSVTG	PAYTNSVTG	0.0000	60.0000	0.0000	     0
0	AYTNSFTGG	PEPLIST	AYTNSFTGG	AYTNSFTGG	0.0000	88.5714	AYTNSFTGG	AYTNSFTGG	0.0000	70.0000	AYTNSFTGG	AYTNSFTGG	0.0000	64.2857	AYTNSFTGG	AYTNSFTGG	0.0000	76.5000	AYTNSFTGG	AYTNSFTGG	0.0001	27.1667	AYTNSFTGG	AYTNSFTGG	0.0001	28.3750	0.0000	     0
0	AYTNSVTGG	PEPLIST	AYTNSVTGG	AYTNSVTGG	0.0000	90.7143	AYTNSVTGG	AYTNSVTGG	0.0000	71.6667	AYTNSVTGG	AYTNSVTGG	0.0000	65.0000	AYTNSVTGG	AYTNSVTGG	0.0000	80.0000	AYTNSVTGG	AYTNSVTGG	0.0001	27.5000	AYTNSVTGG	AYTNSVTGG	0.0001	29.5000	0.0000	     0
0	YTNSFTGGV	PEPLIST	YTNSFTGGV	YTNSFTGGV	0.0252	2.9510	YTNSFTGGV	YTNSFTGGV	0.0006	16.5500	YTNSFTGGV	YTNSFTGGV	0.0008	17.0227	YTNSFTGGV	YTNSFTGGV	0.0009	26.3500	YTNSFTGGV	YTNSFTGGV	0.0024	4.9481	YTNSFTGGV	YTNSFTGGV	0.0005	12.8611	0.0051	     0
0	YTNSVTGGV	PEPLIST	YTNSVTGGV	YTNSVTGGV	0.0224	3.1521	YTNSVTGGV	YTNSVTGGV	0.0006	17.4198	YTNSVTGGV	YTNSVTGGV	0.0016	12.0919	YTNSVTGGV	YTNSVTGGV	0.0010	25.1348	YTNSVTGGV	YTNSVTGGV	0.0029	4.5483	YTNSVTGGV	YTNSVTGGV	0.0005	13.2738	0.0048	     0
0	TNSFTGGVY	PEPLIST	TNSFTGGVY	TNSFTGGVY	0.1077	1.2294	TNSFTGGVY	TNSFTGGVY	0.0013	12.5660	TNSFTGGVY	TNSFTGGVY	0.0003	25.7000	TNSFTGGVY	TNSFTGGVY	0.0002	46.9231	TNSFTGGVY	TNSFTGGVY	0.0015	6.3965	TNSFTGGVY	TNSFTGGVY	0.0019	7.1394	0.0188	     1
0	TNSVTGGVY	PEPLIST	TNSVTGGVY	TNSVTGGVY	0.0978	1.3040	TNSVTGGVY	TNSVTGGVY	0.0010	14.1266	TNSVTGGVY	TNSVTGGVY	0.0002	28.3500	TNSVTGGVY	TNSVTGGVY	0.0002	45.4615	TNSVTGGVY	TNSVTGGVY	0.0011	7.3974	TNSVTGGVY	TNSVTGGVY	0.0016	7.6955	0.0170	     1
0	NSFTGGVYY	PEPLIST	NSFTGGVYY	NSFTGGVYY	0.7401	0.1340	NSFTGGVYY	NSFTGGVYY	0.0586	2.5544	NSFTGGVYY	NSFTGGVYY	0.0008	16.3964	NSFTGGVYY	NSFTGGVYY	0.0014	21.0345	NSFTGGVYY	NSFTGGVYY	0.0733	0.4420	NSFTGGVYY	NSFTGGVYY	0.0469	1.0266	0.1535	     3
0	NSVTGGVYY	PEPLIST	NSVTGGVYY	NSVTGGVYY	0.6352	0.1926	NSVTGGVYY	NSVTGGVYY	0.0082	5.9974	NSVTGGVYY	NSVTGGVYY	0.0005	20.6250	NSVTGGVYY	NSVTGGVYY	0.0006	31.5116	NSVTGGVYY	NSVTGGVYY	0.0178	1.4405	NSVTGGVYY	NSVTGGVYY	0.0136	2.4947	0.1126	     2
0	SFTGGVYYP	PEPLIST	SFTGGVYYP	SFTGGVYYP	0.0002	45.4000	SFTGGVYYP	SFTGGVYYP	0.0001	30.5455	SFTGGVYYP	SFTGGVYYP	0.0001	37.5000	SFTGGVYYP	SFTGGVYYP	0.0003	38.3333	SFTGGVYYP	SFTGGVYYP	0.0002	18.9545	SFTGGVYYP	SFTGGVYYP	0.0002	20.3478	0.0002	     0
0	SVTGGVYYP	PEPLIST	SVTGGVYYP	SVTGGVYYP	0.0006	24.9348	SVTGGVYYP	SVTGGVYYP	0.0006	17.3333	SVTGGVYYP	SVTGGVYYP	0.0002	31.6000	SVTGGVYYP	SVTGGVYYP	0.0002	46.0769	SVTGGVYYP	SVTGGVYYP	0.0001	27.5000	SVTGGVYYP	SVTGGVYYP	0.0000	45.0000	0.0003	     0
0	FTGGVYYPD	PEPLIST	FTGGVYYPD	FTGGVYYPD	0.0001	68.3333	FTGGVYYPD	FTGGVYYPD	0.0000	87.5000	FTGGVYYPD	FTGGVYYPD	0.0000	90.0000	FTGGVYYPD	FTGGVYYPD	0.0000	92.0000	FTGGVYYPD	FTGGVYYPD	0.0000	85.0000	FTGGVYYPD	FTGGVYYPD	0.0000	85.0000	0.0000	     0
0	VTGGVYYPD	PEPLIST	VTGGVYYPD	VTGGVYYPD	0.0000	71.5385	VTGGVYYPD	VTGGVYYPD	0.0000	82.5000	VTGGVYYPD	VTGGVYYPD	0.0000	92.5000	VTGGVYYPD	VTGGVYYPD	0.0000	97.0000	VTGGVYYPD	VTGGVYYPD	0.0000	85.0000	VTGGVYYPD	VTGGVYYPD	0.0000	85.0000	0.0000	     0
0	LPPAYTNSFT	PEPLIST	LPPAYTNSF	LPPAYTNSF	0.0000	71.5385	LPPAYTNSF	LPPAYTNSF	0.0000	73.3333	LPPAYTNSF	LPPAYTNSF	0.0054	6.8736	LPPAYTNSF	LPPAYTNSF	0.0011	24.0319	LPPAYTNSF	LPPAYTNSF	0.0000	42.0000	LPPAYTNSF	LPPAYTNSF	0.0001	32.0000	0.0011	     0
0	LPPAYTNSVT	PEPLIST	LPPATNSVT	LPPAYTNSVT	0.0000	75.0000	LPPAYTNST	LPPAYTNSVT	0.0000	80.0000	LPAYTNSVT	LPPAYTNSVT	0.0072	5.9842	LPPAYTNSV	LPPAYTNSV	0.0005	32.8500	LPPAYTNSV	LPPAYTNSV	0.0000	65.0000	LPPAYTNVT	LPPAYTNSVT	0.0000	60.0000	0.0013	     0
0	PPAYTNSFTG	PEPLIST	PAYTNSFTG	PPAYTNSFTG	0.0000	85.0000	PPYTNSFTG	PPAYTNSFTG	0.0000	95.0000	PPYTNSFTG	PPAYTNSFTG	0.0001	48.0000	PPYTNSFTG	PPAYTNSFTG	0.0000	88.5714	PAYTNSFTG	PPAYTNSFTG	0.0000	100.0000	PAYTNSFTG	PPAYTNSFTG	0.0000	100.0000	0.0000	     0
0	PPAYTNSVTG	PEPLIST	PAYTNSVTG	PPAYTNSVTG	0.0000	73.0769	PPYTNSVTG	PPAYTNSVTG	0.0000	90.0000	PPYTNSVTG	PPAYTNSVTG	0.0001	39.2857	PPYTNSVTG	PPAYTNSVTG	0.0000	80.7143	PAYTNSVTG	PPAYTNSVTG	0.0000	85.0000	PAYTNSVTG	PPAYTNSVTG	0.0000	100.0000	0.0000	     0
0	PAYTNSFTGG	PEPLIST	PAYTNSTGG	PAYTNSFTGG	0.0000	79.5455	PAYNSFTGG	PAYTNSFTGG	0.0000	95.0000	PAYTNSFTG	PAYTNSFTGG	0.0000	92.5000	PAYTNSFTG	PAYTNSFTGG	0.0000	96.0000	PAYTNSFTG	PAYTNSFTGG	0.0000	100.0000	PAYTNSFTG	PAYTNSFTGG	0.0000	100.0000	0.0000	     0
0	PAYTNSVTGG	PEPLIST	PAYTNSVTG	PAYTNSVTGG	0.0000	75.0000	PAYNSVTGG	PAYTNSVTGG	0.0000	95.0000	PAYTNSVTG	PAYTNSVTGG	0.0000	81.6667	PAYTNSVTG	PAYTNSVTGG	0.0000	94.0000	PAYTNSVTG	PAYTNSVTGG	0.0000	85.0000	PAYTNSVTG	PAYTNSVTGG	0.0000	100.0000	0.0000	     0
0	AYTNSFTGGV	PEPLIST	ATNSFTGGV	AYTNSFTGGV	0.0012	17.0561	ATNSFTGGV	AYTNSFTGGV	0.0002	26.7895	ATNSFTGGV	AYTNSFTGGV	0.0001	38.7143	AYTNSFTGV	AYTNSFTGGV	0.0001	61.3636	AYTNSFTGV	AYTNSFTGGV	0.0001	27.6667	AYTNSFTGV	AYTNSFTGGV	0.0001	27.0000	0.0003	     0
0	AYTNSVTGGV	PEPLIST	ATNSVTGGV	AYTNSVTGGV	0.0011	17.9159	ATNSVTGGV	AYTNSVTGGV	0.0002	23.9310	ATNSVTGGV	AYTNSVTGGV	0.0001	36.1111	AYTNSVTGV	AYTNSVTGGV	0.0001	55.6897	AYTNSVTGV	AYTNSVTGGV	0.0002	18.8636	AYTNSVTGV	AYTNSVTGGV	0.0001	26.8000	0.0003	     0
0	YTNSFTGGVY	PEPLIST	YTNSTGGVY	YTNSFTGGVY	0.7642	0.1209	YTNSTGGVY	YTNSFTGGVY	0.0090	5.7830	YTNSTGGVY	YTNSFTGGVY	0.0003	24.7419	YTNSTGGVY	YTNSFTGGVY	0.0002	46.6923	YTNSFTGVY	YTNSFTGGVY	0.0029	4.4882	YTNSTGGVY	YTNSFTGGVY	0.0014	8.3112	0.1297	     1
0	YTNSVTGGVY	PEPLIST	YTNSTGGVY	YTNSVTGGVY	0.7766	0.1137	YTNSVTGVY	YTNSVTGGVY	0.0118	5.1638	YTNSTGGVY	YTNSVTGGVY	0.0004	22.9524	YTNSTGGVY	YTNSVTGGVY	0.0002	44.0000	YTNSVTGVY	YTNSVTGGVY	0.0027	4.6658	YTNSVGGVY	YTNSVTGGVY	0.0013	8.5884	0.1322	     1
0	TNSFTGGVYY	PEPLIST	TSFTGGVYY	TNSFTGGVYY	0.4735	0.3192	TSFTGGVYY	TNSFTGGVYY	0.0300	3.4710	TSFTGGVYY	TNSFTGGVYY	0.0001	33.8182	TNFTGGVYY	TNSFTGGVYY	0.0002	45.2308	TSFTGGVYY	TNSFTGGVYY	0.0042	3.6476	TSFTGGVYY	TNSFTGGVYY	0.0021	6.9037	0.0850	     1
0	TNSVTGGVYY	PEPLIST	TSVTGGVYY	TNSVTGGVYY	0.3643	0.4412	TSVTGGVYY	TNSVTGGVYY	0.0032	8.8184	TSVTGGVYY	TNSVTGGVYY	0.0001	35.8889	TNSTGGVYY	TNSVTGGVYY	0.0001	53.9024	TSVTGGVYY	TNSVTGGVYY	0.0011	7.7403	TSVTGGVYY	TNSVTGGVYY	0.0008	11.1504	0.0616	     1
0	NSFTGGVYYP	PEPLIST	NSFTGGVYY	NSFTGGVYY	0.0300	2.7024	NSFTGGVYY	NSFTGGVYY	0.0009	14.3038	NSFTGGVYP	NSFTGGVYYP	0.0000	53.8462	NSFTGGVYP	NSFTGGVYYP	0.0001	51.4634	NSFTGGVYY	NSFTGGVYY	0.0003	13.6909	NSFTGGVYY	NSFTGGVYY	0.0002	21.1053	0.0053	     0
0	NSVTGGVYYP	PEPLIST	NSVTGGVYY	NSVTGGVYY	0.0130	4.2131	NSVTGGVYY	NSVTGGVYY	0.0001	31.1000	NSVTGGVYP	NSVTGGVYYP	0.0000	66.0000	NSVTGGVYP	NSVTGGVYYP	0.0001	62.9545	NSVTGGVYY	NSVTGGVYY	0.0001	24.2222	NSVTGGVYY	NSVTGGVYY	0.0000	33.0000	0.0022	     0
0	SFTGGVYYPD	PEPLIST	STGGVYYPD	SFTGGVYYPD	0.0000	92.1429	SFTGGVYYD	SFTGGVYYPD	0.0000	82.5000	SFTGGVYYP	SFTGGVYYP	0.0000	92.5000	SFTGGVYYP	SFTGGVYYP	0.0000	88.5714	SFTGGVYYP	SFTGGVYYP	0.0000	85.0000	SFTGGVYYD	SFTGGVYYPD	0.0000	85.0000	0.0000	     0
0	SVTGGVYYPD	PEPLIST	SVTGGVYYD	SVTGGVYYPD	0.0000	82.5000	SVTGGVYYP	SVTGGVYYP	0.0000	75.0000	SVTGGVYPD	SVTGGVYYPD	0.0000	90.0000	SVTGGVYYP	SVTGGVYYP	0.0000	95.0000	SVTGGVYYP	SVTGGVYYP	0.0000	100.0000	SVTGGVYYD	SVTGGVYYPD	0.0000	100.0000	0.0000	     0
0	FTGGVYYPDK	PEPLIST	FTGGVYYDK	FTGGVYYPDK	0.0004	30.2857	FTGGVYYPK	FTGGVYYPDK	0.0112	5.2847	FTGGVYYPK	FTGGVYYPDK	0.0000	90.0000	FTGGVYYPK	FTGGVYYPDK	0.0000	97.0000	FTGGVYYPK	FTGGVYYPDK	0.0000	57.5000	FTGGVYYPK	FTGGVYYPDK	0.0000	65.0000	0.0019	     0
0	VTGGVYYPDK	PEPLIST	VTGGVYYDK	VTGGVYYPDK	0.0003	34.2222	VTGGVYYPK	VTGGVYYPDK	0.0365	3.1933	VTGGVYYPK	VTGGVYYPDK	0.0000	92.5000	VTGGVYPDK	VTGGVYYPDK	0.0000	97.0000	VTGGVYYPK	VTGGVYYPDK	0.0000	65.0000	VTGGVYYPK	VTGGVYYPDK	0.0000	70.0000	0.0061	     0
0	QLPPAYTNSFT	PEPLIST	QLPPATNSF	QLPPAYTNSF	0.0005	27.6286	QLPPATNSF	QLPPAYTNSF	0.0000	45.6667	QPPAYTNSF	QLPPAYTNSF	0.0017	11.9971	QLPPYTNSF	QLPPAYTNSF	0.0006	29.7636	QLPPATNSF	QLPPAYTNSF	0.0000	32.6667	QLPPYTNSF	QLPPAYTNSF	0.0001	26.8000	0.0005	     0
0	QLPPAYTNSVT	PEPLIST	QLPPATNSV	QLPPAYTNSV	0.0002	42.7000	QLPPAYTNT	QLPPAYTNSVT	0.0000	61.2500	QPAYTNSVT	QLPPAYTNSVT	0.0031	9.0112	QPPAYTNSV	QLPPAYTNSV	0.0002	46.7692	QLPPYTNSV	QLPPAYTNSV	0.0000	60.0000	QLPPYTNSV	QLPPAYTNSV	0.0000	51.6667	0.0006	     0
0	LPPAYTNSFTG	PEPLIST	LPYTNSFTG	LPPAYTNSFTG	0.0000	85.0000	LPPAYTNSF	LPPAYTNSF	0.0000	82.5000	LPPAYTNSF	LPPAYTNSF	0.0008	17.1364	LPPAYTNSF	LPPAYTNSF	0.0003	42.0000	LPPAYTNSF	LPPAYTNSF	0.0000	57.5000	LPPAYTNSF	LPPAYTNSF	0.0000	44.0000	0.0002	     0
0	LPPAYTNSVTG	PEPLIST	LAYTNSVTG	LPPAYTNSVTG	0.0000	85.7143	LPYTNSVTG	LPPAYTNSVTG	0.0000	82.5000	LPYTNSVTG	LPPAYTNSVTG	0.0009	15.8519	LPPANSVTG	LPPAYTNSVTG	0.0003	40.8500	LAYTNSVTG	LPPAYTNSVTG	0.0000	75.0000	LPPAYTNSV	LPPAYTNSV	0.0000	75.0000	0.0002	     0
0	PPAYTNSFTGG	PEPLIST	PPAYTNTGG	PPAYTNSFTGG	0.0000	97.8571	PPANSFTGG	PPAYTNSFTGG	0.0000	100.0000	PPANSFTGG	PPAYTNSFTGG	0.0000	90.0000	PPANSFTGG	PPAYTNSFTGG	0.0000	98.0000	PYTNSFTGG	PPAYTNSFTGG	0.0000	100.0000	PYTNSFTGG	PPAYTNSFTGG	0.0000	100.0000	0.0000	     0
0	PPAYTNSVTGG	PEPLIST	PPAYTNSVG	PPAYTNSVTGG	0.0000	97.8571	PPANSVTGG	PPAYTNSVTGG	0.0000	100.0000	PPAYTNSVG	PPAYTNSVTGG	0.0000	81.6667	PPANSVTGG	PPAYTNSVTGG	0.0000	97.0000	PAYTNSVTG	PAYTNSVTGG	0.0000	100.0000	PYTNSVTGG	PPAYTNSVTGG	0.0000	100.0000	0.0000	     0
0	PAYTNSFTGGV	PEPLIST	PTNSFTGGV	PAYTNSFTGGV	0.0001	55.4000	PAYTNSFTV	PAYTNSFTGGV	0.0000	85.0000	PAYTNSFTV	PAYTNSFTGGV	0.0000	71.2500	PAYTNSFTV	PAYTNSFTGGV	0.0000	81.4286	PAYTNSFTV	PAYTNSFTGGV	0.0000	65.0000	PAYTNSFTV	PAYTNSFTGGV	0.0000	75.0000	0.0000	     0
0	PAYTNSVTGGV	PEPLIST	PTNSVTGGV	PAYTNSVTGGV	0.0002	48.8750	PAYTNSVTV	PAYTNSVTGGV	0.0000	80.0000	PAYTNSVTV	PAYTNSVTGGV	0.0000	60.7143	PAYTNSVTV	PAYTNSVTGGV	0.0001	68.7500	PAYTNSVTV	PAYTNSVTGGV	0.0000	65.0000	PAYTNSVTV	PAYTNSVTGGV	0.0000	70.0000	0.0000	     0
0	AYTNSFTGGVY	PEPLIST	YTNSTGGVY	YTNSFTGGVY	0.1169	1.1611	AYTNSFTGY	AYTNSFTGGVY	0.0005	18.3000	AYSFTGGVY	AYTNSFTGGVY	0.0001	40.4286	AYTNSFTVY	AYTNSFTGGVY	0.0002	46.6154	AYTNSFTVY	AYTNSFTGGVY	0.0014	6.4890	AYTNSFTVY	AYTNSFTGGVY	0.0106	2.8873	0.0216	     1
0	AYTNSVTGGVY	PEPLIST	YTNSTGGVY	YTNSVTGGVY	0.1330	1.0484	AYTNSVTVY	AYTNSVTGGVY	0.0005	18.0429	AYTNSVTVY	AYTNSVTGGVY	0.0001	40.2857	AYTNSVTVY	AYTNSVTGGVY	0.0002	45.6154	AYTNSVTVY	AYTNSVTGGVY	0.0022	5.2055	AYTNSVTVY	AYTNSVTGGVY	0.0100	2.9800	0.0243	     1
0	YTNSFTGGVYY	PEPLIST	YTNSGGVYY	YTNSFTGGVYY	0.8866	0.0616	YTFTGGVYY	YTNSFTGGVYY	0.0264	3.6847	YTNSGGVYY	YTNSFTGGVYY	0.0002	32.3846	YTFTGGVYY	YTNSFTGGVYY	0.0003	41.7778	YTNSGGVYY	YTNSFTGGVYY	0.0061	2.9328	YSFTGGVYY	YTNSFTGGVYY	0.0040	4.9220	0.1539	     1
0	YTNSVTGGVYY	PEPLIST	YTNSGGVYY	YTNSVTGGVYY	0.8944	0.0572	YTNSVTVYY	YTNSVTGGVYY	0.0189	4.2504	YTNSGGVYY	YTNSVTGGVYY	0.0002	32.0769	YTNSGGVYY	YTNSVTGGVYY	0.0002	43.7857	YTNSGGVYY	YTNSVTGGVYY	0.0052	3.2255	YTNSGGVYY	YTNSVTGGVYY	0.0024	6.4404	0.1535	     1
0	TNSFTGGVYYP	PEPLIST	TSFTGGVYY	TNSFTGGVYY	0.0145	3.9521	TSFTGGVYY	TNSFTGGVYY	0.0006	17.6543	TSFTGGVYY	TNSFTGGVYY	0.0000	75.0000	TNSGGVYYP	TNSFTGGVYYP	0.0000	69.6875	TSFTGGVYY	TNSFTGGVYY	0.0001	26.1429	TSFTGGVYY	TNSFTGGVYY	0.0000	34.6667	0.0025	     0
0	TNSVTGGVYYP	PEPLIST	TSVTGGVYY	TNSVTGGVYY	0.0076	5.6945	TSVTGGVYY	TNSVTGGVYY	0.0001	35.1429	TVTGGVYYP	TNSVTGGVYYP	0.0000	76.6667	TNSGGVYYP	TNSVTGGVYYP	0.0000	73.8462	TSVTGGVYY	TNSVTGGVYY	0.0000	38.5000	TSVTGGVYY	TNSVTGGVYY	0.0000	50.0000	0.0013	     0
0	NSFTGGVYYPD	PEPLIST	NSFTGGVYY	NSFTGGVYY	0.0029	9.9405	NSFTGGVYY	NSFTGGVYY	0.0001	31.5000	NSFTGGVYY	NSFTGGVYY	0.0000	81.6667	NSFTGGVYY	NSFTGGVYY	0.0000	85.0000	NSFTGGVYY	NSFTGGVYY	0.0000	34.3333	NSFTGGVYY	NSFTGGVYY	0.0000	36.0000	0.0005	     0
0	NSVTGGVYYPD	PEPLIST	NSVTGGVYY	NSVTGGVYY	0.0013	16.1550	NSVTGGVYY	NSVTGGVYY	0.0000	57.1429	NSVTGGVYY	NSVTGGVYY	0.0000	92.5000	NSVTGGVYY	NSVTGGVYY	0.0000	92.0000	NSVTGGVYY	NSVTGGVYY	0.0000	53.3333	NSVTGGVYY	NSVTGGVYY	0.0000	58.3333	0.0002	     0
0	SFTGGVYYPDK	PEPLIST	SFTGGVYYK	SFTGGVYYPDK	0.0001	64.5238	SFTGGVYYK	SFTGGVYYPDK	0.0110	5.3218	SFTGGVYYK	SFTGGVYYPDK	0.0000	85.0000	SFTGGVYYK	SFTGGVYYPDK	0.0000	85.7143	SFTGGVYYK	SFTGGVYYPDK	0.0000	41.0000	SFTGGVYYK	SFTGGVYYPDK	0.0000	38.5000	0.0019	     0
0	SVTGGVYYPDK	PEPLIST	SVTGGVYYK	SVTGGVYYPDK	0.0005	27.1143	SVTGGVYYK	SVTGGVYYPDK	0.2965	0.8671	SVTGGVYYK	SVTGGVYYPDK	0.0000	58.8889	SVTGGVYYK	SVTGGVYYPDK	0.0000	88.5714	SVTGGVYYK	SVTGGVYYPDK	0.0000	39.5000	SVTGGVYYK	SVTGGVYYPDK	0.0000	37.3333	0.0495	     1
0	FTGGVYYPDKV	PEPLIST	FTGGVPDKV	FTGGVYYPDKV	0.0013	15.8792	FTGGVYYPK	FTGGVYYPDK	0.0001	40.8000	FTGGVPDKV	FTGGVYYPDKV	0.0000	69.0000	FTGGVPDKV	FTGGVYYPDKV	0.0001	67.1875	FTGGVYYKV	FTGGVYYPDKV	0.0000	44.0000	FTGGVPDKV	FTGGVYYPDKV	0.0000	56.6667	0.0002	     0
0	VTGGVYYPDKV	PEPLIST	VTGGVPDKV	VTGGVYYPDKV	0.0008	21.5806	VTGGVYYPK	VTGGVYYPDK	0.0002	27.9375	VTGGVPDKV	VTGGVYYPDKV	0.0000	75.0000	VTGGVPDKV	VTGGVYYPDKV	0.0000	79.5000	VTGGVYYKV	VTGGVYYPDKV	0.0000	57.5000	VTGGVYYKV	VTGGVYYPDKV	0.0000	70.0000	0.0002	     0
0	YSVLYNSA	PEPLIST	YSV-LYNSA	YSVLYNSA	0.0003	34.3889	YSV-LYNSA	YSVLYNSA	0.0000	66.2500	YSV-LYNSA	YSVLYNSA	0.0001	37.1250	YSVLY-NSA	YSVLYNSA	0.0017	19.5707	YSV-LYNSA	YSVLYNSA	0.0000	44.0000	YSV-LYNSA	YSVLYNSA	0.0000	37.6667	0.0004	     0
0	YSVLYNYA	PEPLIST	YSVLY-NYA	YSVLYNYA	0.0005	28.0333	YSV-LYNYA	YSVLYNYA	0.0000	63.7500	YSV-LYNYA	YSVLYNYA	0.0000	60.7143	YSVLY-NYA	YSVLYNYA	0.0004	35.7000	YSV-LYNYA	YSVLYNYA	0.0000	47.0000	YSV-LYNYA	YSVLYNYA	0.0000	42.5000	0.0002	     0
0	SVLYNSAS	PEPLIST	SVLYNSAS-	SVLYNSAS	0.0001	65.6667	SVLYNSAS-	SVLYNSAS	0.0000	50.0000	SVLYNSAS-	SVLYNSAS	0.0001	38.4286	SVLYNSAS-	SVLYNSAS	0.0001	53.6585	SVLYNSAS-	SVLYNSAS	0.0000	85.0000	SVLYNSAS-	SVLYNSAS	0.0000	85.0000	0.0001	     0
0	SVLYNYAS	PEPLIST	SVLYNYAS-	SVLYNYAS	0.0001	64.7619	SVLYNYAS-	SVLYNYAS	0.0000	52.5000	SVLYNYAS-	SVLYNYAS	0.0000	51.9231	SVLYNYAS-	SVLYNYAS	0.0002	47.4545	SVLYNYAS-	SVLYNYAS	0.0000	85.0000	SVLYNYAS-	SVLYNYAS	0.0000	85.0000	0.0001	     0
0	VLYNSASF	PEPLIST	VLY-NSASF	VLYNSASF	0.0014	15.0000	VLYNS-ASF	VLYNSASF	0.0026	9.5839	VLY-NSASF	VLYNSASF	0.0026	9.7299	VLY-NSASF	VLYNSASF	0.0212	5.0715	VLYNSA-SF	VLYNSASF	0.0004	12.5821	VLYNSA-SF	VLYNSASF	0.0028	5.8836	0.0052	     0
0	VLYNYASF	PEPLIST	VLY-NYASF	VLYNYASF	0.0014	15.3490	VLY-NYASF	VLYNYASF	0.0015	11.9093	VLY-NYASF	VLYNYASF	0.0011	14.3133	VLY-NYASF	VLYNYASF	0.0305	3.9657	VLY-NYASF	VLYNYASF	0.0004	13.1636	VLYNYA-SF	VLYNYASF	0.0030	5.6880	0.0063	     0
0	LYNSASFS	PEPLIST	LYNSASFS-	LYNSASFS	0.0000	73.0769	LYNSASFS-	LYNSASFS	0.0000	66.2500	LYNSASFS-	LYNSASFS	0.0000	52.3077	LYNSASFS-	LYNSASFS	0.0001	64.3182	LYNSASFS-	LYNSASFS	0.0000	35.3333	LYNSASFS-	LYNSASFS	0.0001	24.1667	0.0001	     0
0	LYNYASFS	PEPLIST	LYNYASFS-	LYNYASFS	0.0000	84.3750	LYNYASFS-	LYNYASFS	0.0000	71.6667	LYNYASFS-	LYNYASFS	0.0000	67.0000	LYNYASFS-	LYNYASFS	0.0000	73.4615	LYNYASFS-	LYNYASFS	0.0000	47.0000	LYNYASFS-	LYNYASFS	0.0001	32.2000	0.0000	     0
0	YNSASFST	PEPLIST	YNSASFST-	YNSASFST	0.0001	50.8064	YNSASFST-	YNSASFST	0.0000	77.5000	YNSASFST-	YNSASFST	0.0000	60.0000	YNSASF-ST	YNSASFST	0.0002	46.6923	YNSASFST-	YNSASFST	0.0000	57.5000	YNSASFST-	YNSASFST	0.0000	45.0000	0.0001	     0
0	YNYASFST	PEPLIST	YNYASFST-	YNYASFST	0.0001	54.3548	YNYASFST-	YNYASFST	0.0000	60.0000	YNYASFST-	YNYASFST	0.0000	55.0000	YNYASF-ST	YNYASFST	0.0007	29.2182	YNYASFST-	YNYASFST	0.0000	41.0000	YNYASFST-	YNYASFST	0.0000	35.7500	0.0001	     0
0	NSASFSTF	PEPLIST	NSA-SFSTF	NSASFSTF	0.0073	5.8401	NSA-SFSTF	NSASFSTF	0.0001	42.2500	NSAS-FSTF	NSASFSTF	0.0023	10.3755	NSA-SFSTF	NSASFSTF	0.0037	13.6643	NSA-SFSTF	NSASFSTF	0.0012	7.3113	NSA-SFSTF	NSASFSTF	0.0018	7.2892	0.0027	     0
0	NYASFSTF	PEPLIST	NYA-SFSTF	NYASFSTF	0.0008	21.7097	NYA-SFSTF	NYASFSTF	0.0000	48.0000	NYA-SFSTF	NYASFSTF	0.0012	13.6557	NYA-SFSTF	NYASFSTF	0.0111	7.5164	NYA-SFSTF	NYASFSTF	0.0110	1.9643	NYA-SFSTF	NYASFSTF	0.1326	0.4279	0.0261	     2
0	SASFSTFK	PEPLIST	SASFST-FK	SASFSTFK	0.0012	16.4651	SAS-FSTFK	SASFSTFK	0.0123	5.0696	SAS-FSTFK	SASFSTFK	0.0001	45.7500	SA-SFSTFK	SASFSTFK	0.0002	49.3000	SAS-FSTFK	SASFSTFK	0.0000	32.6667	SAS-FSTFK	SASFSTFK	0.0000	33.5000	0.0023	     0
0	YASFSTFK	PEPLIST	YAS-FSTFK	YASFSTFK	0.0013	15.9396	YAS-FSTFK	YASFSTFK	0.0040	8.0405	YAS-FSTFK	YASFSTFK	0.0000	50.0000	YASFSTFK-	YASFSTFK	0.0002	48.6000	YAS-FSTFK	YASFSTFK	0.0001	23.8000	YAS-FSTFK	YASFSTFK	0.0001	24.3333	0.0010	     0
0	DYSVLYNSA	PEPLIST	DYSVLYNSA	DYSVLYNSA	0.0004	32.6364	DYSVLYNSA	DYSVLYNSA	0.0000	48.0000	DYSVLYNSA	DYSVLYNSA	0.0001	34.8182	DYSVLYNSA	DYSVLYNSA	0.0158	6.1112	DYSVLYNSA	DYSVLYNSA	0.0002	16.3125	DYSVLYNSA	DYSVLYNSA	0.0009	10.0221	0.0029	     0
0	DYSVLYNYA	PEPLIST	DYSVLYNYA	DYSVLYNYA	0.0003	37.5333	DYSVLYNYA	DYSVLYNYA	0.0000	45.0000	DYSVLYNYA	DYSVLYNYA	0.0001	49.3333	DYSVLYNYA	DYSVLYNYA	0.0033	14.3838	DYSVLYNYA	DYSVLYNYA	0.0002	17.5600	DYSVLYNYA	DYSVLYNYA	0.0006	12.8056	0.0007	     0
0	YSVLYNSAS	PEPLIST	YSVLYNSAS	YSVLYNSAS	0.0005	26.9730	YSVLYNSAS	YSVLYNSAS	0.0000	61.2500	YSVLYNSAS	YSVLYNSAS	0.0001	33.7273	YSVLYNSAS	YSVLYNSAS	0.0002	43.5000	YSVLYNSAS	YSVLYNSAS	0.0000	35.6667	YSVLYNSAS	YSVLYNSAS	0.0000	39.5000	0.0002	     0
0	YSVLYNYAS	PEPLIST	YSVLYNYAS	YSVLYNYAS	0.0007	23.0800	YSVLYNYAS	YSVLYNYAS	0.0000	67.5000	YSVLYNYAS	YSVLYNYAS	0.0001	47.7500	YSVLYNYAS	YSVLYNYAS	0.0003	38.1667	YSVLYNYAS	YSVLYNYAS	0.0000	44.0000	YSVLYNYAS	YSVLYNYAS	0.0000	42.5000	0.0002	     0
0	SVLYNSASF	PEPLIST	SVLYNSASF	SVLYNSASF	0.0049	7.3129	SVLYNSASF	SVLYNSASF	0.0026	9.5468	SVLYNSASF	SVLYNSASF	0.0388	2.5096	SVLYNSASF	SVLYNSASF	0.0340	3.7187	SVLYNSASF	SVLYNSASF	0.0027	4.7022	SVLYNSASF	SVLYNSASF	0.0070	3.6673	0.0150	     0
0	SVLYNYASF	PEPLIST	SVLYNYASF	SVLYNYASF	0.0035	8.9595	SVLYNYASF	SVLYNYASF	0.0015	11.8133	SVLYNYASF	SVLYNYASF	0.0155	4.0821	SVLYNYASF	SVLYNYASF	0.0406	3.3021	SVLYNYASF	SVLYNYASF	0.0012	7.0695	SVLYNYASF	SVLYNYASF	0.0080	3.3862	0.0117	     0
0	VLYNSASFS	PEPLIST	VLYNSASFS	VLYNSASFS	0.0005	29.1034	VLYNSASFS	VLYNSASFS	0.0052	7.2720	VLYNSASFS	VLYNSASFS	0.0001	43.0000	VLYNSASFS	VLYNSASFS	0.0001	59.8276	VLYNSASFS	VLYNSASFS	0.0000	35.3333	VLYNSASFS	VLYNSASFS	0.0000	35.0000	0.0010	     0
0	VLYNYASFS	PEPLIST	VLYNYASFS	VLYNYASFS	0.0004	32.6364	VLYNYASFS	VLYNYASFS	0.0029	9.2033	VLYNYASFS	VLYNYASFS	0.0000	56.6667	VLYNYASFS	VLYNYASFS	0.0002	48.1000	VLYNYASFS	VLYNYASFS	0.0000	37.0000	VLYNYASFS	VLYNYASFS	0.0001	29.1667	0.0006	     0
0	LYNSASFST	PEPLIST	LYNSASFST	LYNSASFST	0.0001	51.7742	LYNSASFST	LYNSASFST	0.0002	28.8667	LYNSASFST	LYNSASFST	0.0002	29.5294	LYNSASFST	LYNSASFST	0.0006	30.0000	LYNSASFST	LYNSASFST	0.0003	14.2500	LYNSASFST	LYNSASFST	0.0018	7.4373	0.0005	     0
0	LYNYASFST	PEPLIST	LYNYASFST	LYNYASFST	0.0001	65.0000	LYNYASFST	LYNYASFST	0.0000	44.6667	LYNYASFST	LYNYASFST	0.0001	38.1429	LYNYASFST	LYNYASFST	0.0003	39.0952	LYNYASFST	LYNYASFST	0.0002	17.9600	LYNYASFST	LYNYASFST	0.0009	10.5028	0.0003	     0
0	YNSASFSTF	PEPLIST	YNSASFSTF	YNSASFSTF	0.0162	3.7350	YNSASFSTF	YNSASFSTF	0.0003	23.7586	YNSASFSTF	YNSASFSTF	0.0050	7.1510	YNSASFSTF	YNSASFSTF	0.0216	4.9874	YNSASFSTF	YNSASFSTF	0.0168	1.4941	YNSASFSTF	YNSASFSTF	0.0343	1.3093	0.0157	     2
0	YNYASFSTF	PEPLIST	YNYASFSTF	YNYASFSTF	0.0115	4.4935	YNYASFSTF	YNYASFSTF	0.0012	13.1576	YNYASFSTF	YNYASFSTF	0.0076	5.8612	YNYASFSTF	YNYASFSTF	0.0591	2.4927	YNYASFSTF	YNYASFSTF	0.0254	1.0984	YNYASFSTF	YNYASFSTF	0.0896	0.5877	0.0324	     2
0	NSASFSTFK	PEPLIST	NSASFSTFK	NSASFSTFK	0.0243	3.0003	NSASFSTFK	NSASFSTFK	0.3486	0.7422	NSASFSTFK	NSASFSTFK	0.0001	34.0000	NSASFSTFK	NSASFSTFK	0.0002	50.0000	NSASFSTFK	NSASFSTFK	0.0013	6.9579	NSASFSTFK	NSASFSTFK	0.0012	8.9150	0.0626	     1
0	NYASFSTFK	PEPLIST	NYASFSTFK	NYASFSTFK	0.0005	27.2571	NYASFSTFK	NYASFSTFK	0.0356	3.2303	NYASFSTFK	NYASFSTFK	0.0001	40.0000	NYASFSTFK	NYASFSTFK	0.0006	31.0233	NYASFSTFK	NYASFSTFK	0.0065	2.8178	NYASFSTFK	NYASFSTFK	0.0091	3.1561	0.0087	     0
0	SASFSTFKC	PEPLIST	SASFSTFKC	SASFSTFKC	0.0008	21.2258	SASFSTFKC	SASFSTFKC	0.0002	28.6667	SASFSTFKC	SASFSTFKC	0.0007	17.5114	SASFSTFKC	SASFSTFKC	0.0011	24.1702	SASFSTFKC	SASFSTFKC	0.0002	15.9737	SASFSTFKC	SASFSTFKC	0.0002	20.6087	0.0005	     0
0	YASFSTFKC	PEPLIST	YASFSTFKC	YASFSTFKC	0.0017	13.6376	YASFSTFKC	YASFSTFKC	0.0001	40.8000	YASFSTFKC	YASFSTFKC	0.0007	17.2273	YASFSTFKC	YASFSTFKC	0.0025	16.3427	YASFSTFKC	YASFSTFKC	0.0005	11.0000	YASFSTFKC	YASFSTFKC	0.0004	14.5692	0.0010	     0
0	ADYSVLYNSA	PEPLIST	ADYSVLNSA	ADYSVLYNSA	0.0003	36.3750	ADYSVLNSA	ADYSVLYNSA	0.0001	35.7143	ADYSVLNSA	ADYSVLYNSA	0.0002	29.8824	ADYSLYNSA	ADYSVLYNSA	0.0003	38.3750	AYSVLYNSA	ADYSVLYNSA	0.0000	46.0000	AYSVLYNSA	ADYSVLYNSA	0.0000	42.0000	0.0002	     0
0	ADYSVLYNYA	PEPLIST	ADYSVLYNY	ADYSVLYNY	0.0014	15.2617	ADYSVLNYA	ADYSVLYNYA	0.0001	33.6250	ADYSVLNYA	ADYSVLYNYA	0.0001	38.4286	ADYSVLNYA	ADYSVLYNYA	0.0001	55.6897	AYSVLYNYA	ADYSVLYNYA	0.0000	55.0000	AYSVLYNYA	ADYSVLYNYA	0.0000	42.0000	0.0003	     0
0	DYSVLYNSAS	PEPLIST	DSVLYNSAS	DYSVLYNSAS	0.0000	75.9091	DYSVLNSAS	DYSVLYNSAS	0.0000	85.0000	DSVLYNSAS	DYSVLYNSAS	0.0000	78.3333	DYSVLYNSA	DYSVLYNSA	0.0001	66.8750	DYSVYNSAS	DYSVLYNSAS	0.0000	65.0000	DYSVLYNSS	DYSVLYNSAS	0.0000	56.6667	0.0000	     0
0	DYSVLYNYAS	PEPLIST	DSVLYNYAS	DYSVLYNYAS	0.0000	79.5455	DYSVLNYAS	DYSVLYNYAS	0.0000	87.5000	DSVLYNYAS	DYSVLYNYAS	0.0000	85.0000	DYSLYNYAS	DYSVLYNYAS	0.0000	69.6875	DYSLYNYAS	DYSVLYNYAS	0.0000	65.0000	DYSVLYNYS	DYSVLYNYAS	0.0000	56.6667	0.0000	     0
0	YSVLYNSASF	PEPLIST	YSVYNSASF	YSVLYNSASF	0.0062	6.4509	YVLYNSASF	YSVLYNSASF	0.0001	40.8000	YVLYNSASF	YSVLYNSASF	0.0015	12.5000	YVLYNSASF	YSVLYNSASF	0.0026	16.1963	YSVYNSASF	YSVLYNSASF	0.0003	13.4545	YSLYNSASF	YSVLYNSASF	0.0011	9.4713	0.0020	     0
0	YSVLYNYASF	PEPLIST	YSVLYNASF	YSVLYNYASF	0.0028	10.1287	YVLYNYASF	YSVLYNYASF	0.0000	50.6250	YVLYNYASF	YSVLYNYASF	0.0005	20.3214	YVLYNYASF	YSVLYNYASF	0.0018	18.9638	YSVYNYASF	YSVLYNYASF	0.0002	18.5000	YSLYNYASF	YSVLYNYASF	0.0007	11.1654	0.0010	     0
0	SVLYNSASFS	PEPLIST	SVYNSASFS	SVLYNSASFS	0.0002	43.2727	SVYNSASFS	SVLYNSASFS	0.0008	14.9240	SVLYNSASF	SVLYNSASF	0.0002	31.4000	SVLYNSASF	SVLYNSASF	0.0002	48.4000	SVLYNSASF	SVLYNSASF	0.0000	57.5000	SVLYNSASF	SVLYNSASF	0.0000	53.3333	0.0002	     0
0	SVLYNYASFS	PEPLIST	SVYNYASFS	SVLYNYASFS	0.0001	53.5484	SVYNYASFS	SVLYNYASFS	0.0004	19.2456	SVLYNYASF	SVLYNYASF	0.0001	43.8000	SVLYNYASF	SVLYNYASF	0.0002	48.6000	SVYNYASFS	SVLYNYASFS	0.0000	62.5000	SVLYNYASF	SVLYNYASF	0.0000	49.0000	0.0001	     0
0	VLYNSASFST	PEPLIST	VLYNSASFT	VLYNSASFST	0.0002	47.7778	VLYNSSFST	VLYNSASFST	0.0005	19.0000	VLYNSASST	VLYNSASFST	0.0001	42.6000	VLYNSASST	VLYNSASFST	0.0001	57.5862	VYNSASFST	VLYNSASFST	0.0000	47.0000	VYNSASFST	VLYNSASFST	0.0001	32.2000	0.0001	     0
0	VLYNYASFST	PEPLIST	VLYNYASFT	VLYNYASFST	0.0001	56.6000	VLYNASFST	VLYNYASFST	0.0003	23.7931	VLYNASFST	VLYNYASFST	0.0000	51.5385	VLYNYASST	VLYNYASFST	0.0001	60.2273	VYNYASFST	VLYNYASFST	0.0000	53.3333	VYNYASFST	VLYNYASFST	0.0000	41.5000	0.0001	     0
0	LYNSASFSTF	PEPLIST	LYNSASSTF	LYNSASFSTF	0.0023	11.5449	LYNSASSTF	LYNSASFSTF	0.0002	28.1333	LYNSASSTF	LYNSASFSTF	0.0038	8.1260	LYNSSFSTF	LYNSASFSTF	0.0040	13.1259	LYNSASSTF	LYNSASFSTF	0.0046	3.4384	LYNSAFSTF	LYNSASFSTF	0.0516	0.9456	0.0111	     1
0	LYNYASFSTF	PEPLIST	LYNYASSTF	LYNYASFSTF	0.0012	16.4961	LYYASFSTF	LYNYASFSTF	0.0002	29.0000	LYNYASSTF	LYNYASFSTF	0.0010	15.3556	LYNASFSTF	LYNYASFSTF	0.0032	14.7039	LYNYASSTF	LYNYASFSTF	0.0020	5.4348	LYYASFSTF	LYNYASFSTF	0.0341	1.3143	0.0069	     1
0	YNSASFSTFK	PEPLIST	YSASFSTFK	YNSASFSTFK	0.0137	4.0818	YSASFSTFK	YNSASFSTFK	0.2081	1.1821	YSASFSTFK	YNSASFSTFK	0.0000	54.6154	YNSASFSTF	YNSASFSTF	0.0001	51.9512	YSASFSTFK	YNSASFSTFK	0.0002	19.3684	YSASFSTFK	YNSASFSTFK	0.0001	22.6875	0.0370	     1
0	YNYASFSTFK	PEPLIST	YNASFSTFK	YNYASFSTFK	0.0014	15.0134	YNYASSTFK	YNYASFSTFK	0.0671	2.4005	YNYASFSTK	YNYASFSTFK	0.0000	51.1538	YNYASFSTF	YNYASFSTF	0.0003	40.9000	YYASFSTFK	YNYASFSTFK	0.0004	12.7164	YYASFSTFK	YNYASFSTFK	0.0014	8.4441	0.0118	     0
0	NSASFSTFKC	PEPLIST	NSASFSTKC	NSASFSTFKC	0.0009	19.7284	NSASFSTFK	NSASFSTFK	0.0025	9.6532	NSASFSTKC	NSASFSTFKC	0.0000	59.4444	NASFSTFKC	NSASFSTFKC	0.0001	66.5625	NSASFSTKC	NSASFSTFKC	0.0000	51.6667	NSASFSTKC	NSASFSTFKC	0.0000	51.6667	0.0006	     0
0	NYASFSTFKC	PEPLIST	NYASFSFKC	NYASFSTFKC	0.0001	49.4286	NYASFSTFK	NYASFSTFK	0.0002	25.3333	NYASFSTKC	NYASFSTFKC	0.0000	52.6923	NYASSTFKC	NYASFSTFKC	0.0002	47.5455	NYASSTFKC	NYASFSTFKC	0.0000	34.0000	NYASFTFKC	NYASFSTFKC	0.0002	18.9062	0.0001	     0
0	SASFSTFKCY	PEPLIST	SASFSTFKY	SASFSTFKCY	0.2584	0.6149	SSFSTFKCY	SASFSTFKCY	0.0078	6.1461	SASSTFKCY	SASFSTFKCY	0.0002	29.8235	SAFSTFKCY	SASFSTFKCY	0.0002	49.9000	SAFSTFKCY	SASFSTFKCY	0.0018	5.7226	SAFSTFKCY	SASFSTFKCY	0.0012	9.1311	0.0449	     1
0	YASFSTFKCY	PEPLIST	YASFSTFKY	YASFSTFKCY	0.3690	0.4342	YSFSTFKCY	YASFSTFKCY	0.0022	10.2953	YASSTFKCY	YASFSTFKCY	0.0002	31.7333	YAFSTFKCY	YASFSTFKCY	0.0002	43.1429	YASFSTFKY	YASFSTFKCY	0.0033	4.1698	YAFSTFKCY	YASFSTFKCY	0.0027	6.0670	0.0629	     1
0	VADYSVLYNSA	PEPLIST	VADYSVLYA	VADYSVLYNSA	0.0067	6.1687	VADYSVLSA	VADYSVLYNSA	0.0000	49.6667	VADYSVNSA	VADYSVLYNSA	0.0001	39.0000	VADYSVNSA	VADYSVLYNSA	0.0002	43.5714	VADYSVLYA	VADYSVLYNSA	0.0000	57.5000	VYSVLYNSA	VADYSVLYNSA	0.0000	51.6667	0.0012	     0
0	VADYSVLYNYA	PEPLIST	VADYSVLYY	VADYSVLYNY	0.0702	1.6102	VAYSVLYNY	VADYSVLYNY	0.0001	40.6000	VADYSVNYA	VADYSVLYNYA	0.0000	59.4444	VADYSVNYA	VADYSVLYNYA	0.0001	62.7273	VADYSVLYY	VADYSVLYNY	0.0000	36.0000	VADYSVLYY	VADYSVLYNY	0.0000	34.6667	0.0117	     1
0	ADYSVLYNSAS	PEPLIST	ADYSVLSAS	ADYSVLYNSAS	0.0001	70.7692	ADYSVLSAS	ADYSVLYNSAS	0.0000	68.7500	ADYSVNSAS	ADYSVLYNSAS	0.0000	69.0000	ADYSVLSAS	ADYSVLYNSAS	0.0000	80.0000	ASVLYNSAS	ADYSVLYNSAS	0.0000	100.0000	ASVLYNSAS	ADYSVLYNSAS	0.0000	100.0000	0.0000	     0
0	ADYSVLYNYAS	PEPLIST	ADYSVLYNY	ADYSVLYNY	0.0002	48.1250	ADYSVLYNY	ADYSVLYNY	0.0000	66.2500	ADYSVNYAS	ADYSVLYNYAS	0.0000	81.6667	ADYSYNYAS	ADYSVLYNYAS	0.0000	87.8571	ADYSVLYNY	ADYSVLYNY	0.0000	85.0000	ADYSVLYNY	ADYSVLYNY	0.0000	100.0000	0.0000	     0
0	DYSVLYNSASF	PEPLIST	DVLYNSASF	DYSVLYNSASF	0.0008	21.9032	DVLYNSASF	DYSVLYNSASF	0.0000	54.3750	DVLYNSASF	DYSVLYNSASF	0.0003	26.6538	DYSVNSASF	DYSVLYNSASF	0.0053	11.3669	DYSYNSASF	DYSVLYNSASF	0.0001	25.8750	DYSVNSASF	DYSVLYNSASF	0.0008	10.6354	0.0012	     0
0	DYSVLYNYASF	PEPLIST	DVLYNYASF	DYSVLYNYASF	0.0002	40.0000	DVLYNYASF	DYSVLYNYASF	0.0000	63.7500	DVLYNYASF	DYSVLYNYASF	0.0001	46.5000	DVLYNYASF	DYSVLYNYASF	0.0040	13.1119	DYSYNYASF	DYSVLYNYASF	0.0000	32.3333	DYSYNYASF	DYSVLYNYASF	0.0005	13.1310	0.0008	     0
0	YSVLYNSASFS	PEPLIST	YSYNSASFS	YSVLYNSASFS	0.0004	31.6667	YLYNSASFS	YSVLYNSASFS	0.0001	38.6000	YSVLNSASF	YSVLYNSASF	0.0000	53.0769	YVLYNSASF	YSVLYNSASF	0.0001	57.9310	YSYNSASFS	YSVLYNSASFS	0.0000	51.6667	YSVYNSASF	YSVLYNSASF	0.0000	45.5000	0.0001	     0
0	YSVLYNYASFS	PEPLIST	YSYNYASFS	YSVLYNYASFS	0.0002	44.8000	YLYNYASFS	YSVLYNYASFS	0.0000	60.0000	YSVLNYASF	YSVLYNYASF	0.0000	75.0000	YVLYNYASF	YSVLYNYASF	0.0001	62.2727	YSYNYASFS	YSVLYNYASFS	0.0000	57.5000	YSVYNYASF	YSVLYNYASF	0.0000	49.0000	0.0001	     0
0	SVLYNSASFST	PEPLIST	SVNSASFST	SVLYNSASFST	0.0001	53.3871	SVNSASFST	SVLYNSASFST	0.0001	41.0000	SVNSASFST	SVLYNSASFST	0.0001	37.3750	SVLYNSASF	SVLYNSASF	0.0001	59.4828	SYNSASFST	SVLYNSASFST	0.0000	60.0000	SYNSASFST	SVLYNSASFST	0.0000	41.0000	0.0001	     0
0	SVLYNYASFST	PEPLIST	SVLYNSFST	SVLYNYASFST	0.0001	66.6667	SVNYASFST	SVLYNYASFST	0.0000	57.8571	SVNYASFST	SVLYNYASFST	0.0000	52.3077	SVLYNYASF	SVLYNYASF	0.0001	64.5455	SYNYASFST	SVLYNYASFST	0.0000	75.0000	SYNYASFST	SVLYNYASFST	0.0000	53.3333	0.0000	     0
0	VLYNSASFSTF	PEPLIST	VLYNSASFF	VLYNSASFSTF	0.0020	12.3498	VLYNSASTF	VLYNSASFSTF	0.0026	9.5774	VLYNSASTF	VLYNSASFSTF	0.0009	15.4667	VLYNSFSTF	VLYNSASFSTF	0.0021	17.7426	VLYNSASTF	VLYNSASFSTF	0.0002	16.4375	LYNSSFSTF	LYNSASFSTF	0.0013	8.6190	0.0015	     0
0	VLYNYASFSTF	PEPLIST	VLYNSFSTF	VLYNYASFSTF	0.0011	17.9065	VLYNSFSTF	VLYNYASFSTF	0.0016	11.5573	VLYNSFSTF	VLYNYASFSTF	0.0007	17.8523	VLYNYFSTF	VLYNYASFSTF	0.0028	15.5450	VLYNSFSTF	VLYNYASFSTF	0.0001	21.4615	VLYNSFSTF	VLYNYASFSTF	0.0008	10.7348	0.0012	     0
0	LYNSASFSTFK	PEPLIST	LSASFSTFK	LYNSASFSTFK	0.0019	12.8859	LSASFSTFK	LYNSASFSTFK	0.0755	2.2717	LYNSASSTF	LYNSASFSTF	0.0000	56.6667	LYNSASSTF	LYNSASFSTF	0.0001	52.3171	LYNSASTFK	LYNSASFSTFK	0.0001	24.2222	LYNSSFSTF	LYNSASFSTF	0.0008	10.6298	0.0131	     0
0	LYNYASFSTFK	PEPLIST	LYASFSTFK	LYNYASFSTFK	0.0002	49.0000	LYASFSTFK	LYNYASFSTFK	0.0044	7.7884	LYNYASSTF	LYNYASFSTF	0.0000	70.0000	LYYASFSTF	LYNYASFSTF	0.0001	56.5517	LYNSFSTFK	LYNYASFSTFK	0.0000	31.0000	LYNASFSTF	LYNYASFSTF	0.0005	13.5714	0.0009	     0
0	YNSASFSTFKC	PEPLIST	YSASFSTFK	YNSASFSTFK	0.0003	34.5000	YSASFSTFK	YNSASFSTFK	0.0011	13.6256	YASFSTFKC	YNSASFSTFKC	0.0000	76.6667	YNSASFSTC	YNSASFSTFKC	0.0000	71.1538	YNSASFSTF	YNSASFSTF	0.0000	57.5000	YNSASFSTF	YNSASFSTF	0.0000	49.0000	0.0002	     0
0	YNYASFSTFKC	PEPLIST	YASFSTFKC	YNYASFSTFKC	0.0001	56.4000	YNYASSTFK	YNYASFSTFK	0.0007	16.2800	YNYASFSTC	YNYASFSTFKC	0.0000	70.0000	YNYASFSTC	YNYASFSTFKC	0.0001	57.7586	YNYASFSTF	YNYASFSTF	0.0000	50.0000	YNYASFSTF	YNYASFSTF	0.0000	36.3333	0.0002	     0
0	NSASFSTFKCY	PEPLIST	NSASFSTFY	NSASFSTFKCY	0.4524	0.3401	NSASFSTFY	NSASFSTFKCY	0.0010	13.6650	NSASFSTFY	NSASFSTFKCY	0.0000	59.4444	NSASFSTFY	NSASFSTFKCY	0.0001	62.5000	NSASFSTFY	NSASFSTFKCY	0.0006	10.6944	NSFSTFKCY	NSASFSTFKCY	0.0003	17.2571	0.0757	     1
0	NYASFSTFKCY	PEPLIST	NSFSTFKCY	NYASFSTFKCY	0.0310	2.6504	NYASFSTFY	NYASFSTFKCY	0.0005	19.0000	NYASFSTFY	NYASFSTFKCY	0.0000	50.7692	NYASFSTFY	NYASFSTFKCY	0.0003	42.2941	NYASFSTFY	NYASFSTFKCY	0.0020	5.4073	NYASFSTFY	NYASFSTFKCY	0.0106	2.8927	0.0074	     0
0	SASFSTFKCYG	PEPLIST	SASFSTFKY	SASFSTFKCY	0.0033	9.2145	SSFSTFKCY	SASFSTFKCY	0.0001	42.5000	SAFSTFKCY	SASFSTFKCY	0.0000	81.6667	SFSTFKCYG	SASFSTFKCYG	0.0000	90.0000	SSFSTFKCY	SASFSTFKCY	0.0000	38.5000	SSFSTFKCY	SASFSTFKCY	0.0000	36.0000	0.0006	     0
0	YASFSTFKCYG	PEPLIST	YASFSTFKY	YASFSTFKCY	0.0049	7.3495	YSFSTFKCY	YASFSTFKCY	0.0000	63.7500	YAFSTFKCY	YASFSTFKCY	0.0000	81.6667	YAFSTFKCY	YASFSTFKCY	0.0000	89.2857	YASFSTFKY	YASFSTFKCY	0.0000	37.5000	YASFSTFKY	YASFSTFKCY	0.0000	36.6667	0.0008	     0
0	IAARDLIC	PEPLIST	IAA-RDLIC	IAARDLIC	0.0001	68.6667	IAARDLIC-	IAARDLIC	0.0000	82.5000	IAA-RDLIC	IAARDLIC	0.0000	62.8571	IAA-RDLIC	IAARDLIC	0.0003	39.6667	IAA-RDLIC	IAARDLIC	0.0000	55.0000	IAA-RDLIC	IAARDLIC	0.0000	48.0000	0.0001	     0
0	IAARDLTC	PEPLIST	IAA-RDLTC	IAARDLTC	0.0001	56.8000	IAA-RDLTC	IAARDLTC	0.0000	77.5000	IAA-RDLTC	IAARDLTC	0.0001	42.2000	IAA-RDLTC	IAARDLTC	0.0013	22.1385	IAA-RDLTC	IAARDLTC	0.0000	43.0000	IAA-RDLTC	IAARDLTC	0.0000	36.0000	0.0003	     0
0	AARDLICA	PEPLIST	AARDLI-CA	AARDLICA	0.0001	56.6000	AARDLICA-	AARDLICA	0.0000	47.5000	AARD-LICA	AARDLICA	0.0006	18.7403	AARDLI-CA	AARDLICA	0.0013	21.9793	AARDL-ICA	AARDLICA	0.0000	45.0000	AARDLI-CA	AARDLICA	0.0000	45.5000	0.0004	     0
0	AARDLTCA	PEPLIST	AARDLT-CA	AARDLTCA	0.0001	60.4762	AARDLTCA-	AARDLTCA	0.0000	46.6667	AARD-LTCA	AARDLTCA	0.0010	14.9157	AARDLT-CA	AARDLTCA	0.0012	23.2019	AARDL-TCA	AARDLTCA	0.0000	49.0000	AARD-LTCA	AARDLTCA	0.0000	47.0000	0.0004	     0
0	ARDLICAQ	PEPLIST	ARDLICAQ-	ARDLICAQ	0.0001	69.3333	ARD-LICAQ	ARDLICAQ	0.0000	54.3750	ARDLICAQ-	ARDLICAQ	0.0000	63.5714	ARDLI-CAQ	ARDLICAQ	0.0001	59.1379	ARD-LICAQ	ARDLICAQ	0.0000	30.8000	ARDLICAQ-	ARDLICAQ	0.0000	33.0000	0.0000	     0
0	ARDLTCAQ	PEPLIST	ARDLTCAQ-	ARDLTCAQ	0.0001	63.0952	ARDLTCAQ-	ARDLTCAQ	0.0000	59.2857	-ARDLTCAQ	ARDLTCAQ	0.0000	58.8889	ARDLT-CAQ	ARDLTCAQ	0.0001	62.0455	ARD-LTCAQ	ARDLTCAQ	0.0001	28.8000	ARD-LTCAQ	ARDLTCAQ	0.0000	36.3333	0.0000	     0
0	RDLICAQK	PEPLIST	R-DLICAQK	RDLICAQK	0.0001	61.6667	R-DLICAQK	RDLICAQK	0.0005	17.8025	-RDLICAQK	RDLICAQK	0.0000	81.6667	-RDLICAQK	RDLICAQK	0.0000	88.5714	-RDLICAQK	RDLICAQK	0.0000	51.6667	-RDLICAQK	RDLICAQK	0.0000	58.3333	0.0001	     0
0	RDLTCAQK	PEPLIST	R-DLTCAQK	RDLTCAQK	0.0001	56.4000	R-DLTCAQK	RDLTCAQK	0.0005	18.1857	R-DLTCAQK	RDLTCAQK	0.0000	81.6667	-RDLTCAQK	RDLTCAQK	0.0000	88.5714	-RDLTCAQK	RDLTCAQK	0.0000	57.5000	-RDLTCAQK	RDLTCAQK	0.0000	58.3333	0.0001	     0
0	DLICAQKF	PEPLIST	DLI-CAQKF	DLICAQKF	0.0004	29.5517	DLI-CAQKF	DLICAQKF	0.0000	61.2500	DLI-CAQKF	DLICAQKF	0.0001	44.7500	DLIC-AQKF	DLICAQKF	0.0050	11.6679	DLI-CAQKF	DLICAQKF	0.0000	37.0000	DLI-CAQKF	DLICAQKF	0.0001	28.2500	0.0009	     0
0	DLTCAQKF	PEPLIST	DLT-CAQKF	DLTCAQKF	0.0005	28.4333	DLT-CAQKF	DLTCAQKF	0.0000	68.7500	DLTCAQ-KF	DLTCAQKF	0.0000	58.3333	DL-TCAQKF	DLTCAQKF	0.0023	17.2316	DLT-CAQKF	DLTCAQKF	0.0000	40.0000	DLT-CAQKF	DLTCAQKF	0.0000	36.6667	0.0005	     0
0	LICAQKFN	PEPLIST	LICAQKFN-	LICAQKFN	0.0000	90.7143	LICAQKFN-	LICAQKFN	0.0000	70.0000	LICAQKFN-	LICAQKFN	0.0000	95.0000	LICAQKFN-	LICAQKFN	0.0000	93.0000	LICAQKFN-	LICAQKFN	0.0000	100.0000	LICAQKFN-	LICAQKFN	0.0000	100.0000	0.0000	     0
0	LTCAQKFN	PEPLIST	LTCAQKFN-	LTCAQKFN	0.0001	69.0000	LTCAQKFN-	LTCAQKFN	0.0000	66.2500	LTCAQKFN-	LTCAQKFN	0.0000	95.0000	LTCAQKFN-	LTCAQKFN	0.0000	94.0000	LTCAQKFN-	LTCAQKFN	0.0000	100.0000	LTCAQKFN-	LTCAQKFN	0.0000	100.0000	0.0000	     0
0	ICAQKFNG	PEPLIST	ICAQKFNG-	ICAQKFNG	0.0000	89.2857	ICAQKFNG-	ICAQKFNG	0.0000	87.5000	ICAQKFNG-	ICAQKFNG	0.0000	92.5000	ICAQKFNG-	ICAQKFNG	0.0001	60.4545	ICAQKFNG-	ICAQKFNG	0.0000	100.0000	ICAQKFNG-	ICAQKFNG	0.0000	85.0000	0.0000	     0
0	TCAQKFNG	PEPLIST	TCAQKFNG-	TCAQKFNG	0.0000	78.1818	TCAQKFNG-	TCAQKFNG	0.0000	87.5000	TCAQKFNG-	TCAQKFNG	0.0000	90.0000	TCAQKFNG-	TCAQKFNG	0.0001	54.0244	TCAQKFNG-	TCAQKFNG	0.0000	100.0000	TCAQKFNG-	TCAQKFNG	0.0000	100.0000	0.0000	     0
0	DIAARDLIC	PEPLIST	DIAARDLIC	DIAARDLIC	0.0003	38.5000	DIAARDLIC	DIAARDLIC	0.0000	62.5000	DIAARDLIC	DIAARDLIC	0.0001	34.2727	DIAARDLIC	DIAARDLIC	0.0076	9.3030	DIAARDLIC	DIAARDLIC	0.0000	60.0000	DIAARDLIC	DIAARDLIC	0.0000	53.3333	0.0013	     0
0	DIAARDLTC	PEPLIST	DIAARDLTC	DIAARDLTC	0.0005	29.0690	DIAARDLTC	DIAARDLTC	0.0000	51.8750	DIAARDLTC	DIAARDLTC	0.0005	20.4643	DIAARDLTC	DIAARDLTC	0.0399	3.3438	DIAARDLTC	DIAARDLTC	0.0000	43.0000	DIAARDLTC	DIAARDLTC	0.0000	35.5000	0.0068	     0
0	IAARDLICA	PEPLIST	IAARDLICA	IAARDLICA	0.0008	21.0161	IAARDLICA	IAARDLICA	0.0000	46.6667	IAARDLICA	IAARDLICA	0.0004	22.9048	IAARDLICA	IAARDLICA	0.0009	26.3750	IAARDLICA	IAARDLICA	0.0001	27.3333	IAARDLICA	IAARDLICA	0.0000	33.0000	0.0004	     0
0	IAARDLTCA	PEPLIST	IAARDLTCA	IAARDLTCA	0.0009	19.8889	IAARDLTCA	IAARDLTCA	0.0000	50.6250	IAARDLTCA	IAARDLTCA	0.0005	20.1964	IAARDLTCA	IAARDLTCA	0.0010	24.5106	IAARDLTCA	IAARDLTCA	0.0001	28.6000	IAARDLTCA	IAARDLTCA	0.0000	37.3333	0.0004	     0
0	AARDLICAQ	PEPLIST	AARDLICAQ	AARDLICAQ	0.0002	44.8000	AARDLICAQ	AARDLICAQ	0.0009	14.4051	AARDLICAQ	AARDLICAQ	0.0016	12.3640	AARDLICAQ	AARDLICAQ	0.0009	25.5056	AARDLICAQ	AARDLICAQ	0.0001	20.7333	AARDLICAQ	AARDLICAQ	0.0001	24.9167	0.0006	     0
0	AARDLTCAQ	PEPLIST	AARDLTCAQ	AARDLTCAQ	0.0002	41.9167	AARDLTCAQ	AARDLTCAQ	0.0007	15.6667	AARDLTCAQ	AARDLTCAQ	0.0031	8.9861	AARDLTCAQ	AARDLTCAQ	0.0008	27.0000	AARDLTCAQ	AARDLTCAQ	0.0001	20.6667	AARDLTCAQ	AARDLTCAQ	0.0001	30.1667	0.0008	     0
0	ARDLICAQK	PEPLIST	ARDLICAQK	ARDLICAQK	0.0016	14.0595	ARDLICAQK	ARDLICAQK	0.0050	7.3888	ARDLICAQK	ARDLICAQK	0.0001	38.0000	ARDLICAQK	ARDLICAQK	0.0002	43.7857	ARDLICAQK	ARDLICAQK	0.0012	7.1225	ARDLICAQK	ARDLICAQK	0.0011	9.2992	0.0015	     0
0	ARDLTCAQK	PEPLIST	ARDLTCAQK	ARDLTCAQK	0.0013	15.9933	ARDLTCAQK	ARDLTCAQK	0.0044	7.7897	ARDLTCAQK	ARDLTCAQK	0.0001	34.9091	ARDLTCAQK	ARDLTCAQK	0.0002	43.1429	ARDLTCAQK	ARDLTCAQK	0.0011	7.6550	ARDLTCAQK	ARDLTCAQK	0.0009	10.2486	0.0013	     0
0	RDLICAQKF	PEPLIST	RDLICAQKF	RDLICAQKF	0.0016	13.9587	RDLICAQKF	RDLICAQKF	0.0001	31.6000	RDLICAQKF	RDLICAQKF	0.0002	28.0500	RDLICAQKF	RDLICAQKF	0.0004	35.5667	RDLICAQKF	RDLICAQKF	0.0000	34.0000	RDLICAQKF	RDLICAQKF	0.0000	33.2500	0.0004	     0
0	RDLTCAQKF	PEPLIST	RDLTCAQKF	RDLTCAQKF	0.0025	10.7747	RDLTCAQKF	RDLTCAQKF	0.0002	27.5625	RDLTCAQKF	RDLTCAQKF	0.0003	26.9615	RDLTCAQKF	RDLTCAQKF	0.0005	32.5500	RDLTCAQKF	RDLTCAQKF	0.0001	26.1429	RDLTCAQKF	RDLTCAQKF	0.0001	26.3000	0.0006	     0
0	DLICAQKFN	PEPLIST	DLICAQKFN	DLICAQKFN	0.0000	83.1250	DLICAQKFN	DLICAQKFN	0.0000	80.0000	DLICAQKFN	DLICAQKFN	0.0000	92.5000	DLICAQKFN	DLICAQKFN	0.0000	82.8571	DLICAQKFN	DLICAQKFN	0.0000	100.0000	DLICAQKFN	DLICAQKFN	0.0000	100.0000	0.0000	     0
0	DLTCAQKFN	PEPLIST	DLTCAQKFN	DLTCAQKFN	0.0000	84.3750	DLTCAQKFN	DLTCAQKFN	0.0000	90.0000	DLTCAQKFN	DLTCAQKFN	0.0000	95.0000	DLTCAQKFN	DLTCAQKFN	0.0000	93.0000	DLTCAQKFN	DLTCAQKFN	0.0000	100.0000	DLTCAQKFN	DLTCAQKFN	0.0000	100.0000	0.0000	     0
0	LICAQKFNG	PEPLIST	LICAQKFNG	LICAQKFNG	0.0000	90.0000	LICAQKFNG	LICAQKFNG	0.0000	68.7500	LICAQKFNG	LICAQKFNG	0.0000	85.0000	LICAQKFNG	LICAQKFNG	0.0000	79.0000	LICAQKFNG	LICAQKFNG	0.0000	100.0000	LICAQKFNG	LICAQKFNG	0.0000	100.0000	0.0000	     0
0	LTCAQKFNG	PEPLIST	LTCAQKFNG	LTCAQKFNG	0.0001	65.6667	LTCAQKFNG	LTCAQKFNG	0.0000	66.2500	LTCAQKFNG	LTCAQKFNG	0.0000	90.0000	LTCAQKFNG	LTCAQKFNG	0.0000	82.1429	LTCAQKFNG	LTCAQKFNG	0.0000	85.0000	LTCAQKFNG	LTCAQKFNG	0.0000	85.0000	0.0000	     0
0	ICAQKFNGL	PEPLIST	ICAQKFNGL	ICAQKFNGL	0.0006	25.5366	ICAQKFNGL	ICAQKFNGL	0.0001	37.0000	ICAQKFNGL	ICAQKFNGL	0.0049	7.2632	ICAQKFNGL	ICAQKFNGL	0.1500	1.1016	ICAQKFNGL	ICAQKFNGL	0.0012	7.3642	ICAQKFNGL	ICAQKFNGL	0.0014	8.2899	0.0263	     1
0	TCAQKFNGL	PEPLIST	TCAQKFNGL	TCAQKFNGL	0.0011	17.6822	TCAQKFNGL	TCAQKFNGL	0.0001	37.5000	TCAQKFNGL	TCAQKFNGL	0.0071	6.0133	TCAQKFNGL	TCAQKFNGL	0.1676	0.9728	TCAQKFNGL	TCAQKFNGL	0.0017	6.0286	TCAQKFNGL	TCAQKFNGL	0.0010	9.7591	0.0298	     1
0	GDIAARDLIC	PEPLIST	GIAARDLIC	GDIAARDLIC	0.0001	71.1538	GIAARDLIC	GDIAARDLIC	0.0000	70.0000	GIAARDLIC	GDIAARDLIC	0.0000	71.2500	GIAARDLIC	GDIAARDLIC	0.0000	71.5385	GIAARDLIC	GDIAARDLIC	0.0000	100.0000	GIAARDLIC	GDIAARDLIC	0.0000	100.0000	0.0000	     0
0	GDIAARDLTC	PEPLIST	GIAARDLTC	GDIAARDLTC	0.0001	63.0952	GIAARDLTC	GDIAARDLTC	0.0000	50.0000	GIAARDLTC	GDIAARDLTC	0.0000	50.3846	GIAARDLTC	GDIAARDLTC	0.0002	49.9000	GIAARDLTC	GDIAARDLTC	0.0000	100.0000	GIAARDLTC	GDIAARDLTC	0.0000	85.0000	0.0001	     0
0	DIAARDLICA	PEPLIST	DIAARDLIA	DIAARDLICA	0.0002	45.6000	DIAADLICA	DIAARDLICA	0.0000	71.6667	DAARDLICA	DIAARDLICA	0.0001	38.1429	DIAARLICA	DIAARDLICA	0.0008	27.0282	DAARDLICA	DIAARDLICA	0.0000	85.0000	DIAARLICA	DIAARDLICA	0.0000	85.0000	0.0002	     0
0	DIAARDLTCA	PEPLIST	DIAARDLTA	DIAARDLTCA	0.0002	44.0000	DIAARDLTA	DIAARDLTCA	0.0000	65.0000	DIAARDLTA	DIAARDLTCA	0.0001	35.0000	DIAARLTCA	DIAARDLTCA	0.0014	21.1793	DIAARDLTA	DIAARDLTCA	0.0000	85.0000	DIAARDLTA	DIAARDLTCA	0.0000	85.0000	0.0003	     0
0	IAARDLICAQ	PEPLIST	IAADLICAQ	IAARDLICAQ	0.0001	58.6000	IARDLICAQ	IAARDLICAQ	0.0001	42.2500	IARDLICAQ	IAARDLICAQ	0.0001	45.7500	IARDLICAQ	IAARDLICAQ	0.0000	74.2308	IARDLICAQ	IAARDLICAQ	0.0000	60.0000	IARDLICAQ	IAARDLICAQ	0.0000	60.0000	0.0000	     0
0	IAARDLTCAQ	PEPLIST	IAADLTCAQ	IAARDLTCAQ	0.0002	47.4444	IARDLTCAQ	IAARDLTCAQ	0.0001	41.3333	IARDLTCAQ	IAARDLTCAQ	0.0001	37.5000	IARDLTCAQ	IAARDLTCAQ	0.0001	69.0625	IARDLTCAQ	IAARDLTCAQ	0.0000	57.5000	IARDLTCAQ	IAARDLTCAQ	0.0000	58.3333	0.0001	     0
0	AARDLICAQK	PEPLIST	AADLICAQK	AARDLICAQK	0.0021	11.9222	AARDLIAQK	AARDLICAQK	0.2392	1.0507	AARDLIAQK	AARDLICAQK	0.0004	23.6410	AARDLIAQK	AARDLICAQK	0.0001	53.5366	ARDLICAQK	AARDLICAQK	0.0001	23.0000	AARDLIAQK	AARDLICAQK	0.0001	24.0000	0.0403	     1
0	AARDLTCAQK	PEPLIST	AADLTCAQK	AARDLTCAQK	0.0032	9.4191	AARDLTAQK	AARDLTCAQK	0.2228	1.1168	AARDLTAQK	AARDLTCAQK	0.0006	19.1765	AARDLTAQK	AARDLTCAQK	0.0001	52.4390	ARDLTCAQK	AARDLTCAQK	0.0001	22.0000	AARDLTAQK	AARDLTCAQK	0.0001	23.7857	0.0378	     1
0	ARDLICAQKF	PEPLIST	ARDLIAQKF	ARDLICAQKF	0.0021	11.9222	ARDLIAQKF	ARDLICAQKF	0.0002	26.3158	ARDLIAQKF	ARDLICAQKF	0.0003	24.8387	ARDLIAQKF	ARDLICAQKF	0.0021	17.8860	ARDLIAQKF	ARDLICAQKF	0.0213	1.2634	ARDLIAQKF	ARDLICAQKF	0.0251	1.6389	0.0085	     2
0	ARDLTCAQKF	PEPLIST	ARDLTAQKF	ARDLTCAQKF	0.0029	10.0690	ARDLTAQKF	ARDLTCAQKF	0.0002	25.4762	ARDLTAQKF	ARDLTCAQKF	0.0003	24.2258	ARDLTAQKF	ARDLTCAQKF	0.0013	22.1385	ARDLTAQKF	ARDLTCAQKF	0.0197	1.3395	ARDLTAQKF	ARDLTCAQKF	0.0268	1.5680	0.0085	     2
0	RDLICAQKFN	PEPLIST	RDLICAQKF	RDLICAQKF	0.0000	84.3750	RLICAQKFN	RDLICAQKFN	0.0000	63.7500	RDLICAQKF	RDLICAQKF	0.0000	95.0000	RDLICAQKF	RDLICAQKF	0.0000	95.0000	RDLICAQKF	RDLICAQKF	0.0000	100.0000	RDLICAQKF	RDLICAQKF	0.0000	100.0000	0.0000	     0
0	RDLTCAQKFN	PEPLIST	RDLTCAQKF	RDLTCAQKF	0.0000	76.8182	RLTCAQKFN	RDLTCAQKFN	0.0000	85.0000	RDLTCAQKF	RDLTCAQKF	0.0000	95.0000	RDLTCAQKF	RDLTCAQKF	0.0000	91.0000	RDLTCAQKF	RDLTCAQKF	0.0000	100.0000	RDLTCAQKF	RDLTCAQKF	0.0000	100.0000	0.0000	     0
0	DLICAQKFNG	PEPLIST	DLIAQKFNG	DLICAQKFNG	0.0000	91.4286	DLIAQKFNG	DLICAQKFNG	0.0000	90.0000	DLIAQKFNG	DLICAQKFNG	0.0000	95.0000	DLIAQKFNG	DLICAQKFNG	0.0000	78.0000	DLIAQKFNG	DLICAQKFNG	0.0000	100.0000	DLIAQKFNG	DLICAQKFNG	0.0000	100.0000	0.0000	     0
0	DLTCAQKFNG	PEPLIST	DTCAQKFNG	DLTCAQKFNG	0.0000	90.7143	DLCAQKFNG	DLTCAQKFNG	0.0000	95.0000	DTCAQKFNG	DLTCAQKFNG	0.0000	95.0000	DLCAQKFNG	DLTCAQKFNG	0.0000	84.2857	DTCAQKFNG	DLTCAQKFNG	0.0000	100.0000	DLCAQKFNG	DLTCAQKFNG	0.0000	100.0000	0.0000	     0
0	LICAQKFNGL	PEPLIST	LIAQKFNGL	LICAQKFNGL	0.0002	44.1000	LIAQKFNGL	LICAQKFNGL	0.0001	38.8000	LIAQKFNGL	LICAQKFNGL	0.0013	13.1934	LIAQKFNGL	LICAQKFNGL	0.0206	5.1703	LIAQKFNGL	LICAQKFNGL	0.0000	43.0000	LIAQKFNGL	LICAQKFNGL	0.0000	46.0000	0.0037	     0
0	LTCAQKFNGL	PEPLIST	LTAQKFNGL	LTCAQKFNGL	0.0008	20.6479	LTAQKFNGL	LTCAQKFNGL	0.0001	40.0000	LTAQKFNGL	LTCAQKFNGL	0.0012	13.9858	LTAQKFNGL	LTCAQKFNGL	0.0058	10.7514	LTAQKFNGL	LTCAQKFNGL	0.0001	29.2000	LTAQKFNGL	LTCAQKFNGL	0.0000	42.0000	0.0013	     0
0	ICAQKFNGLT	PEPLIST	ICAQKFNLT	ICAQKFNGLT	0.0001	62.8571	ICAQKFNLT	ICAQKFNGLT	0.0000	85.0000	ICAQKFNGL	ICAQKFNGL	0.0000	69.0000	ICAQKFNGL	ICAQKFNGL	0.0002	47.8182	ICAQKFNGL	ICAQKFNGL	0.0000	85.0000	ICAQKFNGL	ICAQKFNGL	0.0000	75.0000	0.0000	     0
0	TCAQKFNGLT	PEPLIST	TCAQKFNLT	TCAQKFNGLT	0.0002	48.8750	TCAQKFNLT	TCAQKFNGLT	0.0000	85.0000	TCAQKFNGL	TCAQKFNGL	0.0000	54.2308	TCAQKFNGL	TCAQKFNGL	0.0003	39.1429	TAQKFNGLT	TCAQKFNGLT	0.0000	85.0000	TAQKFNGLT	TCAQKFNGLT	0.0000	75.0000	0.0001	     0
0	LGDIAARDLIC	PEPLIST	LGDARDLIC	LGDIAARDLIC	0.0001	56.0000	LIAARDLIC	LGDIAARDLIC	0.0000	87.5000	LIAARDLIC	LGDIAARDLIC	0.0000	80.0000	LIAARDLIC	LGDIAARDLIC	0.0000	76.0000	LGDARDLIC	LGDIAARDLIC	0.0000	85.0000	LGDIAARDL	LGDIAARDL	0.0000	85.0000	0.0000	     0
0	LGDIAARDLTC	PEPLIST	LGDARDLTC	LGDIAARDLTC	0.0003	35.0000	LIAARDLTC	LGDIAARDLTC	0.0000	77.5000	LIAARDLTC	LGDIAARDLTC	0.0000	63.5714	LIAARDLTC	LGDIAARDLTC	0.0001	52.0732	LGAARDLTC	LGDIAARDLTC	0.0000	75.0000	LGDIAARTC	LGDIAARDLTC	0.0000	85.0000	0.0001	     0
0	GDIAARDLICA	PEPLIST	GAARDLICA	GDIAARDLICA	0.0001	69.0000	GDIAARICA	GDIAARDLICA	0.0000	85.0000	GAARDLICA	GDIAARDLICA	0.0000	75.0000	GAARDLICA	GDIAARDLICA	0.0000	81.4286	GAARDLICA	GDIAARDLICA	0.0000	100.0000	GAARDLICA	GDIAARDLICA	0.0000	100.0000	0.0000	     0
0	GDIAARDLTCA	PEPLIST	GAARDLTCA	GDIAARDLTCA	0.0001	66.3333	GDIAALTCA	GDIAARDLTCA	0.0000	82.5000	GAARDLTCA	GDIAARDLTCA	0.0000	72.5000	DIAARDLTA	DIAARDLTCA	0.0000	74.2308	GAARDLTCA	GDIAARDLTCA	0.0000	100.0000	GAARDLTCA	GDIAARDLTCA	0.0000	100.0000	0.0000	     0
0	DIAARDLICAQ	PEPLIST	DIADLICAQ	DIAARDLICAQ	0.0001	70.0000	DIRDLICAQ	DIAARDLICAQ	0.0000	65.0000	DARDLICAQ	DIAARDLICAQ	0.0001	41.4000	DARDLICAQ	DIAARDLICAQ	0.0001	59.6552	DARDLICAQ	DIAARDLICAQ	0.0000	85.0000	DARDLICAQ	DIAARDLICAQ	0.0000	85.0000	0.0000	     0
0	DIAARDLTCAQ	PEPLIST	DIADLTCAQ	DIAARDLTCAQ	0.0001	63.3333	DIRDLTCAQ	DIAARDLTCAQ	0.0000	59.2857	DARDLTCAQ	DIAARDLTCAQ	0.0002	32.0000	DARDLTCAQ	DIAARDLTCAQ	0.0001	56.8966	DARDLTCAQ	DIAARDLTCAQ	0.0000	85.0000	DARDLTCAQ	DIAARDLTCAQ	0.0000	85.0000	0.0001	     0
0	IAARDLICAQK	PEPLIST	IADLICAQK	IAARDLICAQK	0.0007	22.4912	IAARDLIQK	IAARDLICAQK	0.0179	4.3439	AARDLIAQK	AARDLICAQK	0.0000	63.5714	IRDLICAQK	IAARDLICAQK	0.0000	82.8571	IRDLICAQK	IAARDLICAQK	0.0000	38.5000	IRDLICAQK	IAARDLICAQK	0.0000	46.0000	0.0031	     0
0	IAARDLTCAQK	PEPLIST	IADLTCAQK	IAARDLTCAQK	0.0013	16.2558	IAARDLTQK	IAARDLTCAQK	0.0140	4.8150	AARDLTAQK	AARDLTCAQK	0.0000	58.3333	IRDLTCAQK	IAARDLTCAQK	0.0000	82.8571	IRDLTCAQK	IAARDLTCAQK	0.0000	42.0000	IRDLTCAQK	IAARDLTCAQK	0.0000	45.5000	0.0026	     0
0	AARDLICAQKF	PEPLIST	AARDLAQKF	AARDLICAQKF	0.0012	17.0561	AARDLIAQK	AARDLICAQK	0.0018	11.0080	AARDLICAF	AARDLICAQKF	0.0043	7.6968	AARDLIQKF	AARDLICAQKF	0.0019	18.8688	AARDLIQKF	AARDLICAQKF	0.0005	10.9722	AARDLIQKF	AARDLICAQKF	0.0007	11.7444	0.0017	     0
0	AARDLTCAQKF	PEPLIST	AARDLTQKF	AARDLTCAQKF	0.0015	14.8000	AARDLTAQK	AARDLTCAQK	0.0022	10.3425	AARDLTCAF	AARDLTCAQKF	0.0120	4.6758	AARDLTQKF	AARDLTCAQKF	0.0024	16.7975	AARDLTQKF	AARDLTCAQKF	0.0006	10.2870	AARDLTQKF	AARDLTCAQKF	0.0007	11.4135	0.0032	     0
0	ARDLICAQKFN	PEPLIST	ARDLIAQKF	ARDLICAQKF	0.0001	64.2857	ARDLICAQK	ARDLICAQK	0.0000	75.0000	ARDLIAQKF	ARDLICAQKF	0.0000	75.0000	ARDLIAQKF	ARDLICAQKF	0.0001	66.8750	ARDLIAQKF	ARDLICAQKF	0.0001	26.4286	ARDLIAQKF	ARDLICAQKF	0.0002	20.9130	0.0001	     0
0	ARDLTCAQKFN	PEPLIST	ARDLTAQKF	ARDLTCAQKF	0.0001	51.2903	ARDLTCAQK	ARDLTCAQK	0.0000	75.0000	ARDLTAQKF	ARDLTCAQKF	0.0000	70.0000	ARDLTAQKF	ARDLTCAQKF	0.0001	63.8636	ARDLTAQKF	ARDLTCAQKF	0.0001	25.7500	ARDLTAQKF	ARDLTCAQKF	0.0002	18.9375	0.0001	     0
0	RDLICAQKFNG	PEPLIST	RDLICAQKF	RDLICAQKF	0.0000	95.0000	RICAQKFNG	RDLICAQKFNG	0.0000	85.0000	RDLAQKFNG	RDLICAQKFNG	0.0000	95.0000	RICAQKFNG	RDLICAQKFNG	0.0000	95.0000	RDLICAQKF	RDLICAQKF	0.0000	100.0000	RDLICAQKF	RDLICAQKF	0.0000	100.0000	0.0000	     0
0	RDLTCAQKFNG	PEPLIST	RDLTCAQKF	RDLTCAQKF	0.0000	90.7143	RTCAQKFNG	RDLTCAQKFNG	0.0000	85.0000	RDLAQKFNG	RDLTCAQKFNG	0.0000	95.0000	RDLTCAQKF	RDLTCAQKF	0.0000	95.0000	RDLTCAQKF	RDLTCAQKF	0.0000	100.0000	RDLTCAQKF	RDLTCAQKF	0.0000	100.0000	0.0000	     0
0	DLICAQKFNGL	PEPLIST	DLAQKFNGL	DLICAQKFNGL	0.0002	46.1250	DLIQKFNGL	DLICAQKFNGL	0.0000	56.4286	DLAQKFNGL	DLICAQKFNGL	0.0002	30.6471	DLIQKFNGL	DLICAQKFNGL	0.0811	1.9617	DLIQKFNGL	DLICAQKFNGL	0.0000	60.0000	DLIQKFNGL	DLICAQKFNGL	0.0000	49.0000	0.0136	     1
0	DLTCAQKFNGL	PEPLIST	DLAQKFNGL	DLTCAQKFNGL	0.0002	45.7000	DLAQKFNGL	DLTCAQKFNGL	0.0000	63.7500	DLAQKFNGL	DLTCAQKFNGL	0.0002	32.7692	DLAQKFNGL	DLTCAQKFNGL	0.0484	2.9052	DLAQKFNGL	DLTCAQKFNGL	0.0000	62.5000	DLAQKFNGL	DLTCAQKFNGL	0.0000	55.0000	0.0081	     0
0	LICAQKFNGLT	PEPLIST	LAQKFNGLT	LICAQKFNGLT	0.0000	82.5000	LICAQKFLT	LICAQKFNGLT	0.0000	82.5000	LIAQKFNGL	LICAQKFNGL	0.0000	72.5000	LIAQKFNGL	LICAQKFNGL	0.0003	39.4762	LAQKFNGLT	LICAQKFNGLT	0.0000	100.0000	LAQKFNGLT	LICAQKFNGLT	0.0000	85.0000	0.0001	     0
0	LTCAQKFNGLT	PEPLIST	LTQKFNGLT	LTCAQKFNGLT	0.0001	55.2000	LTCAQKFLT	LTCAQKFNGLT	0.0000	80.0000	LTAQKFNGL	LTCAQKFNGL	0.0000	72.5000	LTAQKFNGL	LTCAQKFNGL	0.0001	56.3793	LTAQKFNGL	LTCAQKFNGL	0.0000	85.0000	LTAQKFNGL	LTCAQKFNGL	0.0000	85.0000	0.0000	     0
0	ICAQKFNGLTV	PEPLIST	ICAQNGLTV	ICAQKFNGLTV	0.0002	42.1000	IQKFNGLTV	ICAQKFNGLTV	0.0000	56.4286	IQKFNGLTV	ICAQKFNGLTV	0.0001	36.3333	IQKFNGLTV	ICAQKFNGLTV	0.0013	21.7586	IQKFNGLTV	ICAQKFNGLTV	0.0000	43.0000	ICAQKFNTV	ICAQKFNGLTV	0.0000	33.5000	0.0003	     0
0	TCAQKFNGLTV	PEPLIST	TQKFNGLTV	TCAQKFNGLTV	0.0007	23.1800	TQKFNGLTV	TCAQKFNGLTV	0.0000	45.6667	TQKFNGLTV	TCAQKFNGLTV	0.0003	27.2857	TQKFNGLTV	TCAQKFNGLTV	0.0028	15.4788	TQKFNGLTV	TCAQKFNGLTV	0.0000	39.0000	TQKFNGLTV	TCAQKFNGLTV	0.0000	36.3333	0.0006	     0
