Locus,Peptide,Peptide_label,ID,core,icore,EL-score,EL_Rank,MHC
141,LFDNDEVAL,G141A_10_C,PEPLIST,LFDNDEVAL,LFDNDEVAL,0.0401,1.163,HLA-C07:02
141,LFDNDEIAL,G141A_10_V,PEPLIST,LFDNDEIAL,LFDNDEIAL,0.0354,1.2799,HLA-C07:02
141,VALLKITCY,G141A_16_C,PEPLIST,VALLKITCY,VALLKITCY,0.1058,1.2435,HLA-A01:01
141,VALLKITCY,G141A_16_C,PEPLIST,VALLKITCY,VALLKITCY,0.2999,0.8956,HLA-B15:01
141,VALLKITCY,G141A_16_C,PEPLIST,VALLKITCY,VALLKITCY,0.02,1.9191,HLA-C07:02
141,IALLKITCY,G141A_16_V,PEPLIST,IALLKITCY,IALLKITCY,0.1007,1.2818,HLA-A01:01
141,IALLKITCY,G141A_16_V,PEPLIST,IALLKITCY,IALLKITCY,0.2793,0.9697,HLA-B15:01
141,IALLKITCY,G141A_16_V,PEPLIST,IALLKITCY,IALLKITCY,0.0207,1.8767,HLA-C07:02
141,EVALLKITCY,G141A_25_C,PEPLIST,EVALKITCY,EVALLKITCY,0.0555,1.8611,HLA-A01:01
754,NHECIVRKL,A754G_10_C,PEPLIST,NHECIVRKL,NHECIVRKL,0.0259,1.6027,HLA-C07:02
754,RKLDERQATF,A754G_26_C,PEPLIST,RLDERQATF,RKLDERQATF,0.1986,1.3377,HLA-B15:01
754,VRKLDERQATF,A754G_36_C,PEPLIST,VRDERQATF,VRKLDERQATF,0.034,1.3192,HLA-C07:02
1365,KIIKDAGY,C1365A_5_V,PEPLIST,KII-KDAGY,KIIKDAGY,0.1363,1.7996,HLA-B15:01
1365,TIKIIKDAGY,C1365A_22_V,PEPLIST,TIKIIDAGY,TIKIIKDAGY,0.1253,1.9092,HLA-B15:01
1365,DTIKILKDAGY,C1365A_32_C,PEPLIST,DTIKIDAGY,DTIKILKDAGY,0.0752,1.5453,HLA-A01:01
1365,DTIKIIKDAGY,C1365A_32_V,PEPLIST,DTIKIDAGY,DTIKIIKDAGY,0.0735,1.5663,HLA-A01:01
1579,SPDCGMIIL,C1579A_15_C,PEPLIST,SPDCGMIIL,SPDCGMIIL,0.4593,0.4372,HLA-B07:02
1579,YRHDSPDCGM,C1579A_21_C,PEPLIST,YRHDSPDCM,YRHDSPDCGM,0.0692,0.7376,HLA-C07:02
1579,YRHDSHDCGM,C1579A_21_V,PEPLIST,YRHDSHDCM,YRHDSHDCGM,0.0552,0.8892,HLA-C07:02
1959,VQAEMEQVV,A1959G_12_C,PEPLIST,VQAEMEQVV,VQAEMEQVV,0.125,1.9126,HLA-B15:01
1959,VQAEVEQVV,A1959G_12_V,PEPLIST,VQAEVEQVV,VQAEVEQVV,0.1995,1.332,HLA-B15:01
1959,EMEQVVEVY,A1959G_15_C,PEPLIST,EMEQVVEVY,EMEQVVEVY,0.6021,0.215,HLA-A01:01
1959,EMEQVVEVY,A1959G_15_C,PEPLIST,EMEQVVEVY,EMEQVVEVY,0.3286,0.8236,HLA-B15:01
1959,EVEQVVEVY,A1959G_15_V,PEPLIST,EVEQVVEVY,EVEQVVEVY,0.7173,0.146,HLA-A01:01
1959,EVEQVVEVY,A1959G_15_V,PEPLIST,EVEQVVEVY,EVEQVVEVY,0.1463,1.7064,HLA-B15:01
1959,AEMEQVVEVY,A1959G_24_C,PEPLIST,AMEQVVEVY,AEMEQVVEVY,0.2038,0.745,HLA-A01:01
1959,AEMEQVVEVY,A1959G_24_C,PEPLIST,AEMEQVVVY,AEMEQVVEVY,0.4035,0.6443,HLA-B15:01
1959,AEVEQVVEVY,A1959G_24_V,PEPLIST,AVEQVVEVY,AEVEQVVEVY,0.3147,0.5169,HLA-A01:01
1959,AEVEQVVEVY,A1959G_24_V,PEPLIST,AEVEQVVVY,AEVEQVVEVY,0.2749,0.9861,HLA-B15:01
1959,MEQVVEVYEY,A1959G_26_C,PEPLIST,MQVVEVYEY,MEQVVEVYEY,0.2231,1.1998,HLA-B15:01
1959,VEQVVEVYEY,A1959G_26_V,PEPLIST,VQVVEVYEY,VEQVVEVYEY,0.2771,0.9779,HLA-B15:01
1959,QAEMEQVVEVY,A1959G_34_C,PEPLIST,QAEMEQEVY,QAEMEQVVEVY,0.364,0.4416,HLA-A01:01
1959,QAEVEQVVEVY,A1959G_34_V,PEPLIST,QAEVEQEVY,QAEVEQVVEVY,0.3262,0.4978,HLA-A01:01
1959,EMEQVVEVYEY,A1959G_36_C,PEPLIST,EMEQEVYEY,EMEQVVEVYEY,0.26,0.6115,HLA-A01:01
1959,EVEQVVEVYEY,A1959G_36_V,PEPLIST,EVEQEVYEY,EVEQVVEVYEY,0.3751,0.4251,HLA-A01:01
2894,MTNDRLEAM,A2894G_13_C,PEPLIST,MTNDRLEAM,MTNDRLEAM,0.0691,1.6267,HLA-A01:01
2894,MTNDRLEAM,A2894G_13_C,PEPLIST,MTNDRLEAM,MTNDRLEAM,0.1519,1.6606,HLA-B15:01
2894,MTNDRLEAM,A2894G_13_C,PEPLIST,MTNDRLEAM,MTNDRLEAM,0.4617,0.248,HLA-C03:04
2894,MTNDRLEAM,A2894G_13_C,PEPLIST,MTNDRLEAM,MTNDRLEAM,0.0299,1.4492,HLA-C07:02
2894,MTNGRLEAM,A2894G_13_V,PEPLIST,MTNGRLEAM,MTNGRLEAM,0.0615,1.9669,HLA-B07:02
2894,MTNGRLEAM,A2894G_13_V,PEPLIST,MTNGRLEAM,MTNGRLEAM,0.2912,0.3969,HLA-C03:04
2894,DRLEAMARL,A2894G_16_C,PEPLIST,DRLEAMARL,DRLEAMARL,0.0324,1.3689,HLA-C07:02
2894,GRLEAMARL,A2894G_16_V,PEPLIST,GRLEAMARL,GRLEAMARL,0.08,0.6515,HLA-C07:02
3361,VPMFQSSTP,T3361C_9_V,PEPLIST,VPMFQSSTP,VPMFQSSTP,0.1096,1.3747,HLA-B07:02
3361,FQSSMPADL,T3361C_12_C,PEPLIST,FQSSMPADL,FQSSMPADL,0.0703,1.2494,HLA-C03:04
3361,FQSSTPADL,T3361C_12_V,PEPLIST,FQSSTPADL,FQSSTPADL,0.1295,0.7939,HLA-C03:04
3361,SSMPADLLI,T3361C_14_C,PEPLIST,SSMPADLLI,SSMPADLLI,0.0762,1.1868,HLA-C03:04
3361,SSTPADLLI,T3361C_14_V,PEPLIST,SSTPADLLI,SSTPADLLI,0.0353,1.8824,HLA-C03:04
3361,VPMFQSSMPA,T3361C_19_C,PEPLIST,VPMQSSMPA,VPMFQSSMPA,0.1325,1.1963,HLA-B07:02
3361,VPMFQSSTPA,T3361C_19_V,PEPLIST,VPMQSSTPA,VPMFQSSTPA,0.1938,0.9367,HLA-B07:02
3361,MPADLLIKEL,T3361C_26_C,PEPLIST,MPADLLKEL,MPADLLIKEL,0.4586,0.4382,HLA-B07:02
3361,TPADLLIKEL,T3361C_26_V,PEPLIST,TPADLLKEL,TPADLLIKEL,0.4255,0.4853,HLA-B07:02
3441,TQGTLIKSH,T3441C_11_C,PEPLIST,TQGTLIKSH,TQGTLIKSH,0.1967,1.3493,HLA-B15:01
3441,TQGTLTKSH,T3441C_11_V,PEPLIST,TQGTLTKSH,TQGTLTKSH,0.1858,1.4181,HLA-B15:01
3441,TLIKSHDKL,T3441C_14_C,PEPLIST,TLIKSHDKL,TLIKSHDKL,0.0329,1.968,HLA-C03:04
3647,TMKTLNPTH,C3647A_11_C,PEPLIST,TMKTLNPTH,TMKTLNPTH,0.2688,1.0093,HLA-B15:01
3647,TMKTLKPTH,C3647A_11_V,PEPLIST,TMKTLKPTH,TMKTLKPTH,0.1853,1.4211,HLA-B15:01
3647,NPTHDIIAL,C3647A_16_C,PEPLIST,NPTHDIIAL,NPTHDIIAL,0.4541,0.4445,HLA-B07:02
3647,KPTHDIIAL,C3647A_16_V,PEPLIST,KPTHDIIAL,KPTHDIIAL,0.8925,0.0741,HLA-B07:02
3647,LNPTHDIIAL,C3647A_25_C,PEPLIST,LPTHDIIAL,LNPTHDIIAL,0.0959,1.4905,HLA-B07:02
3647,LKPTHDIIAL,C3647A_25_V,PEPLIST,LPTHDIIAL,LKPTHDIIAL,0.0968,1.4832,HLA-B07:02
3647,TLNPTHDIIAL,C3647A_35_C,PEPLIST,TPTHDIIAL,TLNPTHDIIAL,0.0829,1.6206,HLA-B07:02
3647,TLKPTHDIIAL,C3647A_35_V,PEPLIST,TPTHDIIAL,TLKPTHDIIAL,0.0806,1.6518,HLA-B07:02
3647,TMKTLNPTH,C3647A_11_C,PEPLIST,TMKTLNPTH,TMKTLNPTH,0.2688,1.0093,HLA-B15:01
3647,NPTHDIIAL,C3647A_16_C,PEPLIST,NPTHDIIAL,NPTHDIIAL,0.4541,0.4445,HLA-B07:02
3647,LNPTHDIIAL,C3647A_25_C,PEPLIST,LPTHDIIAL,LNPTHDIIAL,0.0959,1.4905,HLA-B07:02
3647,TLNPTHDIIAL,C3647A_35_C,PEPLIST,TPTHDIIAL,TLNPTHDIIAL,0.0829,1.6206,HLA-B07:02
3651,TMKTLNPTH,A3651G_9_C,PEPLIST,TMKTLNPTH,TMKTLNPTH,0.2688,1.0093,HLA-B15:01
3651,NPTHDIIAL,A3651G_14_C,PEPLIST,NPTHDIIAL,NPTHDIIAL,0.4541,0.4445,HLA-B07:02
3651,LNPTHDIIAL,A3651G_23_C,PEPLIST,LPTHDIIAL,LNPTHDIIAL,0.0959,1.4905,HLA-B07:02
3651,TLNPTHDIIAL,A3651G_33_C,PEPLIST,TPTHDIIAL,TLNPTHDIIAL,0.0829,1.6206,HLA-B07:02
3651,TMKTLNPTH,A3651G_9_C,PEPLIST,TMKTLNPTH,TMKTLNPTH,0.2688,1.0093,HLA-B15:01
3651,TMKTLNPAH,A3651G_9_V,PEPLIST,TMKTLNPAH,TMKTLNPAH,0.2184,1.2253,HLA-B15:01
3651,NPTHDIIAL,A3651G_14_C,PEPLIST,NPTHDIIAL,NPTHDIIAL,0.4541,0.4445,HLA-B07:02
3651,NPAHDIIAL,A3651G_14_V,PEPLIST,NPAHDIIAL,NPAHDIIAL,0.6635,0.248,HLA-B07:02
3651,LNPTHDIIAL,A3651G_23_C,PEPLIST,LPTHDIIAL,LNPTHDIIAL,0.0959,1.4905,HLA-B07:02
3651,LNPAHDIIAL,A3651G_23_V,PEPLIST,LPAHDIIAL,LNPAHDIIAL,0.223,0.8572,HLA-B07:02
3651,TLNPTHDIIAL,A3651G_33_C,PEPLIST,TPTHDIIAL,TLNPTHDIIAL,0.0829,1.6206,HLA-B07:02
3651,TLNPAHDIIAL,A3651G_33_V,PEPLIST,TPAHDIIAL,TLNPAHDIIAL,0.1774,0.989,HLA-B07:02
4353,MITTTISL,T4353C_3_V,PEPLIST,MIT-TTISL,MITTTISL,0.0327,1.9767,HLA-C03:04
4353,HMITTIISL,T4353C_11_C,PEPLIST,HMITTIISL,HMITTIISL,0.4487,0.5516,HLA-B15:01
4353,HMITTIISL,T4353C_11_C,PEPLIST,HMITTIISL,HMITTIISL,0.3013,0.3863,HLA-C03:04
4353,HMITTIISL,T4353C_11_C,PEPLIST,HMITTIISL,HMITTIISL,0.0758,0.6822,HLA-C07:02
4353,HMITTTISL,T4353C_11_V,PEPLIST,HMITTTISL,HMITTTISL,0.0867,1.5782,HLA-B07:02
4353,HMITTTISL,T4353C_11_V,PEPLIST,HMITTTISL,HMITTTISL,0.4877,0.4815,HLA-B15:01
4353,HMITTTISL,T4353C_11_V,PEPLIST,HMITTTISL,HMITTTISL,0.387,0.2974,HLA-C03:04
4353,HMITTTISL,T4353C_11_V,PEPLIST,HMITTTISL,HMITTTISL,0.0559,0.8811,HLA-C07:02
4353,HMITTIISL,T4353C_11_C,PEPLIST,HMITTIISL,HMITTIISL,0.4487,0.5516,HLA-B15:01
4353,HMITTIISL,T4353C_11_C,PEPLIST,HMITTIISL,HMITTIISL,0.3013,0.3863,HLA-C03:04
4353,HMITTIISL,T4353C_11_C,PEPLIST,HMITTIISL,HMITTIISL,0.0758,0.6822,HLA-C07:02
4358,HMITTIISL,T4358C_9_C,PEPLIST,HMITTIISL,HMITTIISL,0.4487,0.5516,HLA-B15:01
4358,HMITTIISL,T4358C_9_C,PEPLIST,HMITTIISL,HMITTIISL,0.3013,0.3863,HLA-C03:04
4358,HMITTIISL,T4358C_9_C,PEPLIST,HMITTIISL,HMITTIISL,0.0758,0.6822,HLA-C07:02
4358,HMITTIISL,T4358C_9_C,PEPLIST,HMITTIISL,HMITTIISL,0.4487,0.5516,HLA-B15:01
4358,HMITTIISL,T4358C_9_C,PEPLIST,HMITTIISL,HMITTIISL,0.3013,0.3863,HLA-C03:04
4358,HMITTIISL,T4358C_9_C,PEPLIST,HMITTIISL,HMITTIISL,0.0758,0.6822,HLA-C07:02
4358,HMITTIIPL,T4358C_9_V,PEPLIST,HMITTIIPL,HMITTIIPL,0.1502,1.6739,HLA-B15:01
4358,HMITTIIPL,T4358C_9_V,PEPLIST,HMITTIIPL,HMITTIIPL,0.0728,1.2227,HLA-C03:04
4358,IPLIIIISI,T4358C_15_V,PEPLIST,IPLIIIISI,IPLIIIISI,0.15,1.1099,HLA-B07:02
4371,SLIITISIM,T4371C_12_V,PEPLIST,SLIITISIM,SLIITISIM,0.2538,1.0699,HLA-B15:01
4371,ITISIMIAI,T4371C_15_V,PEPLIST,ITISIMIAI,ITISIMIAI,0.0335,1.9461,HLA-C03:04
4431,NVFHNTTF,A4431C_2_V,PEPLIST,NVF-HNTTF,NVFHNTTF,0.0512,1.5279,HLA-C03:04
4431,FHNKTFEL,A4431C_4_C,PEPLIST,FHN-KTFEL,FHNKTFEL,0.1523,0.3765,HLA-C07:02
4431,FHNTTFEL,A4431C_4_V,PEPLIST,FHN-TTFEL,FHNTTFEL,0.1078,0.4976,HLA-C07:02
4431,YNVFHNKTF,A4431C_10_C,PEPLIST,YNVFHNKTF,YNVFHNKTF,0.0836,1.1105,HLA-C03:04
4431,YNVFHNKTF,A4431C_10_C,PEPLIST,YNVFHNKTF,YNVFHNKTF,0.0268,1.5686,HLA-C07:02
4431,YNVFHNTTF,A4431C_10_V,PEPLIST,YNVFHNTTF,YNVFHNTTF,0.1338,1.824,HLA-B15:01
4431,YNVFHNTTF,A4431C_10_V,PEPLIST,YNVFHNTTF,YNVFHNTTF,0.1795,0.6097,HLA-C03:04
4431,YNVFHNTTF,A4431C_10_V,PEPLIST,YNVFHNTTF,YNVFHNTTF,0.033,1.3506,HLA-C07:02
4431,VFHNKTFEL,A4431C_12_C,PEPLIST,VFHNKTFEL,VFHNKTFEL,0.6235,0.2092,HLA-A24:02
4431,VFHNKTFEL,A4431C_12_C,PEPLIST,VFHNKTFEL,VFHNKTFEL,0.0415,1.725,HLA-C03:04
4431,VFHNKTFEL,A4431C_12_C,PEPLIST,VFHNKTFEL,VFHNKTFEL,0.424,0.1006,HLA-C07:02
4431,VFHNTTFEL,A4431C_12_V,PEPLIST,VFHNTTFEL,VFHNTTFEL,0.5234,0.2868,HLA-A24:02
4431,VFHNTTFEL,A4431C_12_V,PEPLIST,VFHNTTFEL,VFHNTTFEL,0.04,1.7593,HLA-C03:04
4431,VFHNTTFEL,A4431C_12_V,PEPLIST,VFHNTTFEL,VFHNTTFEL,0.2897,0.179,HLA-C07:02
4431,KTFELPRAR,A4431C_16_C,PEPLIST,KTFELPRAR,KTFELPRAR,0.0193,1.9712,HLA-C07:02
4431,EYNVFHNKTF,A4431C_19_C,PEPLIST,EYNVFHNTF,EYNVFHNKTF,0.5268,0.2837,HLA-A24:02
4431,EYNVFHNTTF,A4431C_19_V,PEPLIST,EYNVFNTTF,EYNVFHNTTF,0.6562,0.1886,HLA-A24:02
4725,TWDTLNHL,T4725A_1_C,PEPLIST,TWD-TLNHL,TWDTLNHL,0.0319,1.3816,HLA-C07:02
4725,TWDTLNQL,T4725A_1_V,PEPLIST,TWD-TLNQL,TWDTLNQL,0.0304,1.4317,HLA-C07:02
4725,RTWDTLNHL,T4725A_9_C,PEPLIST,RTWDTLNHL,RTWDTLNHL,0.0746,1.4839,HLA-A24:02
4725,RTWDTLNHL,T4725A_9_C,PEPLIST,RTWDTLNHL,RTWDTLNHL,0.225,0.5018,HLA-C03:04
4725,RTWDTLNHL,T4725A_9_C,PEPLIST,RTWDTLNHL,RTWDTLNHL,0.0276,1.5355,HLA-C07:02
4725,RTWDTLNQL,T4725A_9_V,PEPLIST,RTWDTLNQL,RTWDTLNQL,0.0566,1.7246,HLA-A24:02
4725,RTWDTLNQL,T4725A_9_V,PEPLIST,RTWDTLNQL,RTWDTLNQL,0.2676,0.4331,HLA-C03:04
4725,RTWDTLNQL,T4725A_9_V,PEPLIST,RTWDTLNQL,RTWDTLNQL,0.0401,1.162,HLA-C07:02
4725,TWDTLNHLL,T4725A_10_C,PEPLIST,TWDTLNHLL,TWDTLNHLL,0.3817,0.4261,HLA-A24:02
4725,TWDTLNHLL,T4725A_10_C,PEPLIST,TWDTLNHLL,TWDTLNHLL,0.1558,0.3678,HLA-C07:02
4725,TWDTLNQLL,T4725A_10_V,PEPLIST,TWDTLNQLL,TWDTLNQLL,0.2408,0.6618,HLA-A24:02
4725,TWDTLNQLL,T4725A_10_V,PEPLIST,TWDTLNQLL,TWDTLNQLL,0.1115,0.4871,HLA-C07:02
4725,RTWDTLNHLL,T4725A_19_C,PEPLIST,RTDTLNHLL,RTWDTLNHLL,0.0938,1.3403,HLA-A01:01
4725,RTWDTLNHLL,T4725A_19_C,PEPLIST,RWDTLNHLL,RTWDTLNHLL,0.0989,1.2624,HLA-A24:02
4725,RTWDTLNQLL,T4725A_19_V,PEPLIST,RTDTLNQLL,RTWDTLNQLL,0.0811,1.4715,HLA-A01:01
4725,RTWDTLNQLL,T4725A_19_V,PEPLIST,RWDTLNQLL,RTWDTLNQLL,0.0572,1.7138,HLA-A24:02
4725,TWDTLNHLLF,T4725A_20_C,PEPLIST,TWDTLNHLF,TWDTLNHLLF,0.5494,0.2634,HLA-A24:02
4725,TWDTLNQLLF,T4725A_20_V,PEPLIST,TWDTNQLLF,TWDTLNQLLF,0.4526,0.3524,HLA-A24:02
4725,HLLFISSCLY,T4725A_26_C,PEPLIST,HLFISSCLY,HLLFISSCLY,0.0726,1.578,HLA-A01:01
4725,HLLFISSCLY,T4725A_26_C,PEPLIST,HLFISSCLY,HLLFISSCLY,0.1921,1.3783,HLA-B15:01
4725,QLLFISSCLY,T4725A_26_V,PEPLIST,QLFISSCLY,QLLFISSCLY,0.054,1.8896,HLA-A01:01
4725,QLLFISSCLY,T4725A_26_V,PEPLIST,QLFISSCLY,QLLFISSCLY,0.1352,1.8105,HLA-B15:01
4725,RTWDTLNHLLF,T4725A_30_C,PEPLIST,RTWDNHLLF,RTWDTLNHLLF,0.135,1.0425,HLA-A24:02
4725,RTWDTLNHLLF,T4725A_30_C,PEPLIST,RTWDTLNHF,RTWDTLNHLLF,0.1259,1.9017,HLA-B15:01
4725,RTWDTLNQLLF,T4725A_30_V,PEPLIST,RTWDNQLLF,RTWDTLNQLLF,0.0671,1.6559,HLA-A01:01
4725,RTWDTLNQLLF,T4725A_30_V,PEPLIST,RTWDNQLLF,RTWDTLNQLLF,0.1067,1.2067,HLA-A24:02
4725,RTWDTLNQLLF,T4725A_30_V,PEPLIST,RTWDTLNQF,RTWDTLNQLLF,0.1306,1.8557,HLA-B15:01
4725,NQLLFISSCLY,T4725A_36_V,PEPLIST,NQFISSCLY,NQLLFISSCLY,0.1257,1.9042,HLA-B15:01
4763,NPKSIAQI,T4763C_6_V,PEPLIST,NPK-SIAQI,NPKSIAQI,0.1221,1.2737,HLA-B07:02
4763,LYKLNLKSI,T4763C_11_C,PEPLIST,LYKLNLKSI,LYKLNLKSI,0.305,0.5364,HLA-A24:02
4763,LYKLNPKSI,T4763C_11_V,PEPLIST,LYKLNPKSI,LYKLNPKSI,0.3611,0.4528,HLA-A24:02
4763,LYKLNPKSI,T4763C_11_V,PEPLIST,LYKLNPKSI,LYKLNPKSI,0.0341,1.3161,HLA-C07:02
4763,NPKSIAQITL,T4763C_25_V,PEPLIST,NPKSAQITL,NPKSIAQITL,0.7359,0.1931,HLA-B07:02
4787,IAQITLSI,T4787C_2_C,PEPLIST,IAQ-ITLSI,IAQITLSI,0.0335,1.9471,HLA-C03:04
4787,IAQITSSI,T4787C_2_V,PEPLIST,IAQ-ITSSI,IAQITSSI,0.0389,1.7849,HLA-C03:04
4787,AQITLSIL,T4787C_3_C,PEPLIST,AQI-TLSIL,AQITLSIL,0.1314,1.8479,HLA-B15:01
4787,AQITSSIL,T4787C_3_V,PEPLIST,AQI-TSSIL,AQITSSIL,0.1464,1.7059,HLA-B15:01
4787,ITSSILAM,T4787C_5_V,PEPLIST,ITS-SILAM,ITSSILAM,0.0638,1.3297,HLA-C03:04
4787,SIAQITLSI,T4787C_10_C,PEPLIST,SIAQITLSI,SIAQITLSI,0.072,1.2317,HLA-C03:04
4787,SIAQITSSI,T4787C_10_V,PEPLIST,SIAQITSSI,SIAQITSSI,0.1064,1.4012,HLA-B07:02
4787,SIAQITSSI,T4787C_10_V,PEPLIST,SIAQITSSI,SIAQITSSI,0.0896,1.054,HLA-C03:04
4787,IAQITLSIL,T4787C_11_C,PEPLIST,IAQITLSIL,IAQITLSIL,0.5237,0.1944,HLA-C03:04
4787,IAQITSSIL,T4787C_11_V,PEPLIST,IAQITSSIL,IAQITSSIL,0.7603,0.0726,HLA-C03:04
4787,QITSSILAM,T4787C_13_V,PEPLIST,QITSSILAM,QITSSILAM,0.0604,1.3816,HLA-C03:04
4787,SIAQITSSIL,T4787C_20_V,PEPLIST,SIAQITSSL,SIAQITSSIL,0.064,1.9259,HLA-B07:02
4787,AQITLSILAM,T4787C_22_C,PEPLIST,AQITSILAM,AQITLSILAM,0.5722,0.3558,HLA-B15:01
4787,AQITSSILAM,T4787C_22_V,PEPLIST,AQISSILAM,AQITSSILAM,0.6764,0.2422,HLA-B15:01
4787,AQITLSIL,T4787C_3_C,PEPLIST,AQI-TLSIL,AQITLSIL,0.1314,1.8479,HLA-B15:01
4787,IAQITLSIL,T4787C_11_C,PEPLIST,IAQITLSIL,IAQITLSIL,0.5237,0.1944,HLA-C03:04
4787,AQITLSILAM,T4787C_22_C,PEPLIST,AQITSILAM,AQITLSILAM,0.5722,0.3558,HLA-B15:01
4793,AQITLSIL,T4793C_1_C,PEPLIST,AQI-TLSIL,AQITLSIL,0.1314,1.8479,HLA-B15:01
4793,IAQITLSIL,T4793C_9_C,PEPLIST,IAQITLSIL,IAQITLSIL,0.5237,0.1944,HLA-C03:04
4793,AQITLSILAM,T4793C_20_C,PEPLIST,AQITSILAM,AQITLSILAM,0.5722,0.3558,HLA-B15:01
4793,AQITLSIL,T4793C_1_C,PEPLIST,AQI-TLSIL,AQITLSIL,0.1314,1.8479,HLA-B15:01
4793,AQITLSTL,T4793C_1_V,PEPLIST,AQI-TLSTL,AQITLSTL,0.2917,0.9238,HLA-B15:01
4793,ITLSTLAM,T4793C_3_V,PEPLIST,ITL-STLAM,ITLSTLAM,0.0483,1.5863,HLA-C03:04
4793,IAQITLSIL,T4793C_9_C,PEPLIST,IAQITLSIL,IAQITLSIL,0.5237,0.1944,HLA-C03:04
4793,IAQITLSTL,T4793C_9_V,PEPLIST,IAQITLSTL,IAQITLSTL,0.0855,1.5899,HLA-B07:02
4793,IAQITLSTL,T4793C_9_V,PEPLIST,IAQITLSTL,IAQITLSTL,0.8349,0.0433,HLA-C03:04
4793,AQITLSILAM,T4793C_20_C,PEPLIST,AQITSILAM,AQITLSILAM,0.5722,0.3558,HLA-B15:01
4793,AQITLSTLAM,T4793C_20_V,PEPLIST,AQITSTLAM,AQITLSTLAM,0.6412,0.2758,HLA-B15:01
4793,ILAMIISTSL,T4793C_26_C,PEPLIST,IAMIISTSL,ILAMIISTSL,0.0641,1.3251,HLA-C03:04
4793,TLAMIISTSL,T4793C_26_V,PEPLIST,TAMIISTSL,TLAMIISTSL,0.0387,1.791,HLA-C03:04
4793,ILAMIISTSL,T4793C_26_C,PEPLIST,IAMIISTSL,ILAMIISTSL,0.0641,1.3251,HLA-C03:04
4805,ILAMIISTSL,T4805C_22_C,PEPLIST,IAMIISTSL,ILAMIISTSL,0.0641,1.3251,HLA-C03:04
4805,LAMIISTSL,T4805C_13_C,PEPLIST,LAMIISTSL,LAMIISTSL,0.1749,0.9967,HLA-B07:02
4805,LAMIISTSL,T4805C_13_C,PEPLIST,LAMIISTSL,LAMIISTSL,0.8859,0.0253,HLA-C03:04
4805,LAMTISTSL,T4805C_13_V,PEPLIST,LAMTISTSL,LAMTISTSL,0.2663,0.757,HLA-B07:02
4805,LAMTISTSL,T4805C_13_V,PEPLIST,LAMTISTSL,LAMTISTSL,0.9635,0.0058,HLA-C03:04
4805,MTISTSLII,T4805C_15_V,PEPLIST,MTISTSLII,MTISTSLII,0.0721,1.2299,HLA-C03:04
4805,ILAMIISTSL,T4805C_22_C,PEPLIST,IAMIISTSL,ILAMIISTSL,0.0641,1.3251,HLA-C03:04
4805,ILAMTISTSL,T4805C_22_V,PEPLIST,IAMTISTSL,ILAMTISTSL,0.1952,0.5705,HLA-C03:04
4805,SILAMTISTSL,T4805C_32_V,PEPLIST,SAMTISTSL,SILAMTISTSL,0.0626,1.3475,HLA-C03:04
4820,SPIIAAII,T4820C_6_V,PEPLIST,SPI-IAAII,SPIIAAII,0.0678,1.8614,HLA-B07:02
4820,MIISTSPII,T4820C_10_V,PEPLIST,MIISTSPII,MIISTSPII,0.0351,1.8889,HLA-C03:04
4820,STSPIIAAI,T4820C_13_V,PEPLIST,STSPIIAAI,STSPIIAAI,0.1768,0.6184,HLA-C03:04
4820,SLIIAAIIF,T4820C_15_C,PEPLIST,SLIIAAIIF,SLIIAAIIF,0.2938,0.9161,HLA-B15:01
4820,SPIIAAIIF,T4820C_15_V,PEPLIST,SPIIAAIIF,SPIIAAIIF,0.3986,0.5227,HLA-B07:02
4820,SLIIAAIIF,T4820C_15_C,PEPLIST,SLIIAAIIF,SLIIAAIIF,0.2938,0.9161,HLA-B15:01
4820,SLIIAAIIF,T4820C_15_C,PEPLIST,SLIIAAIIF,SLIIAAIIF,0.2938,0.9161,HLA-B15:01
4820,SLIIAAIIF,T4820C_15_C,PEPLIST,SLIIAAIIF,SLIIAAIIF,0.2938,0.9161,HLA-B15:01
4823,SLIIAAIIF,T4823C_14_C,PEPLIST,SLIIAAIIF,SLIIAAIIF,0.2938,0.9161,HLA-B15:01
4823,MIISTSLTI,T4823C_9_V,PEPLIST,MIISTSLTI,MIISTSLTI,0.1104,0.8925,HLA-C03:04
4823,SLIIAAIIF,T4823C_14_C,PEPLIST,SLIIAAIIF,SLIIAAIIF,0.2938,0.9161,HLA-B15:01
4823,SLTIAAIIF,T4823C_14_V,PEPLIST,SLTIAAIIF,SLTIAAIIF,0.1825,1.4386,HLA-B15:01
4823,SLIIAAIIF,T4823C_14_C,PEPLIST,SLIIAAIIF,SLIIAAIIF,0.2938,0.9161,HLA-B15:01
4823,SLIIAAIIF,T4823C_14_C,PEPLIST,SLIIAAIIF,SLIIAAIIF,0.2938,0.9161,HLA-B15:01
4826,SLIIAAIIF,T4826C_13_C,PEPLIST,SLIIAAIIF,SLIIAAIIF,0.2938,0.9161,HLA-B15:01
4826,SLIIAAIIF,T4826C_13_C,PEPLIST,SLIIAAIIF,SLIIAAIIF,0.2938,0.9161,HLA-B15:01
4826,SLIIAAIIF,T4826C_13_C,PEPLIST,SLIIAAIIF,SLIIAAIIF,0.2938,0.9161,HLA-B15:01
4826,SLITAAIIF,T4826C_13_V,PEPLIST,SLITAAIIF,SLITAAIIF,0.0489,1.8705,HLA-A24:02
4826,SLITAAIIF,T4826C_13_V,PEPLIST,SLITAAIIF,SLITAAIIF,0.5961,0.3235,HLA-B15:01
4826,SLIIAAIIF,T4826C_13_C,PEPLIST,SLIIAAIIF,SLIIAAIIF,0.2938,0.9161,HLA-B15:01
4838,SLIIAAIIF,T4838C_9_C,PEPLIST,SLIIAAIIF,SLIIAAIIF,0.2938,0.9161,HLA-B15:01
4838,SLIIAAIIF,T4838C_9_C,PEPLIST,SLIIAAIIF,SLIIAAIIF,0.2938,0.9161,HLA-B15:01
4838,SLIIAAIIF,T4838C_9_C,PEPLIST,SLIIAAIIF,SLIIAAIIF,0.2938,0.9161,HLA-B15:01
4838,SLIIAAIIF,T4838C_9_C,PEPLIST,SLIIAAIIF,SLIIAAIIF,0.2938,0.9161,HLA-B15:01
4838,SLIIAAITF,T4838C_9_V,PEPLIST,SLIIAAITF,SLIIAAITF,0.1057,1.2136,HLA-A24:02
4838,SLIIAAITF,T4838C_9_V,PEPLIST,SLIIAAITF,SLIIAAITF,0.6107,0.3038,HLA-B15:01
4886,IIQDATNQI,T4886C_15_C,PEPLIST,IIQDATNQI,IIQDATNQI,0.0455,1.6417,HLA-C03:04
4886,ITQDATNQI,T4886C_15_V,PEPLIST,ITQDATNQI,ITQDATNQI,0.0748,1.2009,HLA-C03:04
4886,ITQDATNQIK,T4886C_25_V,PEPLIST,ITDATNQIK,ITQDATNQIK,0.0567,1.8366,HLA-A01:01
4927,YLTQNPQL,T4927C_7_C,PEPLIST,YLTQN-PQL,YLTQNPQL,0.0561,1.4468,HLA-C03:04
4927,IKNTTPTYL,T4927C_9_C,PEPLIST,IKNTTPTYL,IKNTTPTYL,0.1131,0.4827,HLA-C07:02
4927,IKNTTPTHL,T4927C_9_V,PEPLIST,IKNTTPTHL,IKNTTPTHL,0.0813,0.6427,HLA-C07:02
4927,TYLTQNPQL,T4927C_15_C,PEPLIST,TYLTQNPQL,TYLTQNPQL,0.8054,0.0988,HLA-A24:02
4927,TYLTQNPQL,T4927C_15_C,PEPLIST,TYLTQNPQL,TYLTQNPQL,0.3178,0.1551,HLA-C07:02
4927,THLTQNPQL,T4927C_15_V,PEPLIST,THLTQNPQL,THLTQNPQL,0.0678,0.7513,HLA-C07:02
4927,PTYLTQNPQL,T4927C_24_C,PEPLIST,PYLTQNPQL,PTYLTQNPQL,0.1303,1.0691,HLA-A24:02
4927,TPTYLTQNPQL,T4927C_34_C,PEPLIST,TYLTQNPQL,TPTYLTQNPQL,0.1673,0.8861,HLA-A24:02
4927,TPTYLTQNPQL,T4927C_34_C,PEPLIST,TPLTQNPQL,TPTYLTQNPQL,0.1754,0.9953,HLA-B07:02
4927,TPTHLTQNPQL,T4927C_34_V,PEPLIST,TPTHLTQQL,TPTHLTQNPQL,0.2209,0.8622,HLA-B07:02
4927,TYLTQNPQLGI,T4927C_36_C,PEPLIST,TYLTQNPQI,TYLTQNPQLGI,0.1491,0.9687,HLA-A24:02
4960,NPQLGISFSNL,T4960C_30_C,PEPLIST,NPQLGISNL,NPQLGISFSNL,0.0928,1.5192,HLA-B07:02
4960,NPQLGISLSNL,T4960C_30_V,PEPLIST,NPQLGLSNL,NPQLGISLSNL,0.1011,1.4462,HLA-B07:02
4960,NPQLGISFSNL,T4960C_30_C,PEPLIST,NPQLGISNL,NPQLGISFSNL,0.0928,1.5192,HLA-B07:02
4961,NPQLGISFSNL,T4961C_30_C,PEPLIST,NPQLGISNL,NPQLGISFSNL,0.0928,1.5192,HLA-B07:02
4961,NPQLGISFSNL,T4961C_30_C,PEPLIST,NPQLGISNL,NPQLGISFSNL,0.0928,1.5192,HLA-B07:02
4961,NPQLGISSSNL,T4961C_30_V,PEPLIST,NPQLGISSL,NPQLGISSSNL,0.3423,0.6007,HLA-B07:02
4961,APPICPEL,T4961C_6_V,PEPLIST,AP-PICPEL,APPICPEL,0.2329,0.8333,HLA-B07:02
4961,SASPICPEL,T4961C_14_C,PEPLIST,SASPICPEL,SASPICPEL,0.1235,1.2624,HLA-B07:02
4961,SASPICPEL,T4961C_14_C,PEPLIST,SASPICPEL,SASPICPEL,0.9028,0.0217,HLA-C03:04
4961,SASPICPEL,T4961C_14_C,PEPLIST,SASPICPEL,SASPICPEL,0.0687,0.7428,HLA-C07:02
4961,SAPPICPEL,T4961C_14_V,PEPLIST,SAPPICPEL,SAPPICPEL,0.0764,1.4651,HLA-A24:02
4961,SAPPICPEL,T4961C_14_V,PEPLIST,SAPPICPEL,SAPPICPEL,0.0669,1.8764,HLA-B07:02
4961,SAPPICPEL,T4961C_14_V,PEPLIST,SAPPICPEL,SAPPICPEL,0.814,0.0495,HLA-C03:04
4961,SAPPICPEL,T4961C_14_V,PEPLIST,SAPPICPEL,SAPPICPEL,0.1625,0.3515,HLA-C07:02
4961,IPSLESASPI,T4961C_19_C,PEPLIST,IPSESASPI,IPSLESASPI,0.1346,1.1857,HLA-B07:02
4961,IPSLESAPPI,T4961C_19_V,PEPLIST,IPSESAPPI,IPSLESAPPI,0.0666,1.8821,HLA-B07:02
4975,RTTSQSTTI,G4975A_16_V,PEPLIST,RTTSQSTTI,RTTSQSTTI,0.0328,1.9711,HLA-C03:04
4998,LHHNPPLY,T4998C_1_C,PEPLIST,LHHNPPL-Y,LHHNPPLY,0.0496,0.9796,HLA-C07:02
4998,LHHNPPPY,T4998C_1_V,PEPLIST,LHHNPPP-Y,LHHNPPPY,0.0216,1.822,HLA-C07:02
4998,ELHHNPPLY,T4998C_3_C,PEPLIST,ELHHNPPLY,ELHHNPPLY,0.322,0.5046,HLA-A01:01
4998,ELHHNPPLY,T4998C_3_C,PEPLIST,ELHHNPPLY,ELHHNPPLY,0.4287,0.5893,HLA-B15:01
4998,ELHHNPPPY,T4998C_3_V,PEPLIST,ELHHNPPPY,ELHHNPPPY,0.101,1.2796,HLA-A01:01
4998,ELHHNPPPY,T4998C_3_V,PEPLIST,ELHHNPPPY,ELHHNPPPY,0.4314,0.5842,HLA-B15:01
4998,CPELHHNPPLY,T4998C_7_C,PEPLIST,CPEHNPPLY,CPELHHNPPLY,0.0848,1.4292,HLA-A01:01
5003,IPASTTPSA,T5003C_15_V,PEPLIST,IPASTTPSA,IPASTTPSA,0.5965,0.2912,HLA-B07:02
5003,TIPASTTPSA,T5003C_24_V,PEPLIST,TPASTTPSA,TIPASTTPSA,0.1295,1.217,HLA-B07:02
5003,TTIPASTTPSA,T5003C_34_V,PEPLIST,TPASTTPSA,TTIPASTTPSA,0.0811,1.6445,HLA-B07:02
5081,NTPTTQTL,T5081C_1_V,PEPLIST,NT-PTTQTL,NTPTTQTL,0.0442,1.6672,HLA-C03:04
5081,KNTPTTQTL,T5081C_9_V,PEPLIST,KNTPTTQTL,KNTPTTQTL,0.1113,0.8874,HLA-C03:04
5081,KNTPTTQTL,T5081C_9_V,PEPLIST,KNTPTTQTL,KNTPTTQTL,0.0298,1.4561,HLA-C07:02
5081,KIKNTPTTQTL,T5081C_28_V,PEPLIST,KIKPTTQTL,KIKNTPTTQTL,0.1104,1.368,HLA-B07:02
5094,LPSKPTTKQ,A5094C_13_C,PEPLIST,LPSKPTTKQ,LPSKPTTKQ,0.0852,1.5932,HLA-B07:02
5121,KPQNKPNNDF,A5121C_26_C,PEPLIST,KPNKPNNDF,KPQNKPNNDF,0.4683,0.4243,HLA-B07:02
5121,KPQNKPNNDF,A5121C_26_C,PEPLIST,KQNKPNNDF,KPQNKPNNDF,0.3525,0.7647,HLA-B15:01
5121,NPQNKPNNDF,A5121C_26_V,PEPLIST,NPNKPNNDF,NPQNKPNNDF,0.0977,1.4751,HLA-B07:02
5121,KPQNKPNNDF,A5121C_26_C,PEPLIST,KPNKPNNDF,KPQNKPNNDF,0.4683,0.4243,HLA-B07:02
5121,KPQNKPNNDF,A5121C_26_C,PEPLIST,KQNKPNNDF,KPQNKPNNDF,0.3525,0.7647,HLA-B15:01
5125,KPQNKPNNDF,C5125T_24_C,PEPLIST,KPNKPNNDF,KPQNKPNNDF,0.4683,0.4243,HLA-B07:02
5125,KPQNKPNNDF,C5125T_24_C,PEPLIST,KQNKPNNDF,KPQNKPNNDF,0.3525,0.7647,HLA-B15:01
5125,KPQNKPNNDF,C5125T_24_C,PEPLIST,KPNKPNNDF,KPQNKPNNDF,0.4683,0.4243,HLA-B07:02
5125,KPQNKPNNDF,C5125T_24_C,PEPLIST,KQNKPNNDF,KPQNKPNNDF,0.3525,0.7647,HLA-B15:01
5146,KPNNDFHF,T5146A_2_C,PEPLIST,KPNNDFH-F,KPNNDFHF,0.0661,1.8898,HLA-B07:02
5146,KPNNDIHF,T5146A_2_V,PEPLIST,KPN-NDIHF,KPNNDIHF,0.09,1.5467,HLA-B07:02
5146,FHFEVFNF,T5146A_7_C,PEPLIST,FHF-EVFNF,FHFEVFNF,0.0434,1.9782,HLA-A24:02
5146,FHFEVFNF,T5146A_7_C,PEPLIST,FHF-EVFNF,FHFEVFNF,0.0663,0.7646,HLA-C07:02
5146,IHFEVFNF,T5146A_7_V,PEPLIST,IHFEV-FNF,IHFEVFNF,0.0608,1.6587,HLA-A24:02
5146,IHFEVFNF,T5146A_7_V,PEPLIST,IHF-EVFNF,IHFEVFNF,0.0358,1.269,HLA-C07:02
5146,NKPNNDFHF,T5146A_10_C,PEPLIST,NKPNNDFHF,NKPNNDFHF,0.035,1.2897,HLA-C07:02
5146,NKPNNDIHF,T5146A_10_V,PEPLIST,NKPNNDIHF,NKPNNDIHF,0.0322,1.3736,HLA-C07:02
5146,NNDFHFEVF,T5146A_13_C,PEPLIST,NNDFHFEVF,NNDFHFEVF,0.0555,1.8599,HLA-A01:01
5146,NNDIHFEVF,T5146A_13_V,PEPLIST,NNDIHFEVF,NNDIHFEVF,0.0574,1.8232,HLA-A01:01
5146,DFHFEVFNF,T5146A_15_C,PEPLIST,DFHFEVFNF,DFHFEVFNF,0.3943,0.4096,HLA-A24:02
5146,FHFEVFNFV,T5146A_16_C,PEPLIST,FHFEVFNFV,FHFEVFNFV,0.1084,0.4957,HLA-C07:02
5146,IHFEVFNFV,T5146A_16_V,PEPLIST,IHFEVFNFV,IHFEVFNFV,0.0598,0.8336,HLA-C07:02
5146,KPNNDFHFEV,T5146A_21_C,PEPLIST,KPNDFHFEV,KPNNDFHFEV,0.1762,0.9926,HLA-B07:02
5146,KPNNDIHFEV,T5146A_21_V,PEPLIST,KPNDIHFEV,KPNNDIHFEV,0.2149,0.8767,HLA-B07:02
5146,NDFHFEVFNF,T5146A_24_C,PEPLIST,NFHFEVFNF,NDFHFEVFNF,0.0489,1.8718,HLA-A24:02
5146,KPNNDFHFEVF,T5146A_32_C,PEPLIST,KPNNHFEVF,KPNNDFHFEVF,0.2138,0.8793,HLA-B07:02
5146,KPNNDIHFEVF,T5146A_32_V,PEPLIST,KPNNDIHVF,KPNNDIHFEVF,0.2218,0.86,HLA-B07:02
5146,FHFEVFNF,T5146A_7_C,PEPLIST,FHF-EVFNF,FHFEVFNF,0.0434,1.9782,HLA-A24:02
5146,FHFEVFNF,T5146A_7_C,PEPLIST,FHF-EVFNF,FHFEVFNF,0.0663,0.7646,HLA-C07:02
5146,NNDFHFEVF,T5146A_13_C,PEPLIST,NNDFHFEVF,NNDFHFEVF,0.0555,1.8599,HLA-A01:01
5146,DFHFEVFNF,T5146A_15_C,PEPLIST,DFHFEVFNF,DFHFEVFNF,0.3943,0.4096,HLA-A24:02
5146,FHFEVFNFV,T5146A_16_C,PEPLIST,FHFEVFNFV,FHFEVFNFV,0.1084,0.4957,HLA-C07:02
5146,KPNNDFHFEV,T5146A_21_C,PEPLIST,KPNDFHFEV,KPNNDFHFEV,0.1762,0.9926,HLA-B07:02
5146,NDFHFEVFNF,T5146A_24_C,PEPLIST,NFHFEVFNF,NDFHFEVFNF,0.0489,1.8718,HLA-A24:02
5146,KPNNDFHFEVF,T5146A_32_C,PEPLIST,KPNNHFEVF,KPNNDFHFEVF,0.2138,0.8793,HLA-B07:02
5146,FHFEVFNF,T5146A_7_C,PEPLIST,FHF-EVFNF,FHFEVFNF,0.0434,1.9782,HLA-A24:02
5146,FHFEVFNF,T5146A_7_C,PEPLIST,FHF-EVFNF,FHFEVFNF,0.0663,0.7646,HLA-C07:02
5146,DFHFEVFNF,T5146A_15_C,PEPLIST,DFHFEVFNF,DFHFEVFNF,0.3943,0.4096,HLA-A24:02
5146,FHFEVFNFV,T5146A_16_C,PEPLIST,FHFEVFNFV,FHFEVFNFV,0.1084,0.4957,HLA-C07:02
5146,NDFHFEVFNF,T5146A_24_C,PEPLIST,NFHFEVFNF,NDFHFEVFNF,0.0489,1.8718,HLA-A24:02
5146,FHFEVFNF,T5146A_7_C,PEPLIST,FHF-EVFNF,FHFEVFNF,0.0434,1.9782,HLA-A24:02
5146,FHFEVFNF,T5146A_7_C,PEPLIST,FHF-EVFNF,FHFEVFNF,0.0663,0.7646,HLA-C07:02
5146,DFHFEVFNF,T5146A_15_C,PEPLIST,DFHFEVFNF,DFHFEVFNF,0.3943,0.4096,HLA-A24:02
5146,FHFEVFNFV,T5146A_16_C,PEPLIST,FHFEVFNFV,FHFEVFNFV,0.1084,0.4957,HLA-C07:02
5146,NDFHFEVFNF,T5146A_24_C,PEPLIST,NFHFEVFNF,NDFHFEVFNF,0.0489,1.8718,HLA-A24:02
5156,FHFEVFNF,A5156G_4_C,PEPLIST,FHF-EVFNF,FHFEVFNF,0.0434,1.9782,HLA-A24:02
5156,FHFEVFNF,A5156G_4_C,PEPLIST,FHF-EVFNF,FHFEVFNF,0.0663,0.7646,HLA-C07:02
5156,NNDFHFEVF,A5156G_10_C,PEPLIST,NNDFHFEVF,NNDFHFEVF,0.0555,1.8599,HLA-A01:01
5156,DFHFEVFNF,A5156G_12_C,PEPLIST,DFHFEVFNF,DFHFEVFNF,0.3943,0.4096,HLA-A24:02
5156,FHFEVFNFV,A5156G_13_C,PEPLIST,FHFEVFNFV,FHFEVFNFV,0.1084,0.4957,HLA-C07:02
5156,KPNNDFHFEV,A5156G_18_C,PEPLIST,KPNDFHFEV,KPNNDFHFEV,0.1762,0.9926,HLA-B07:02
5156,NDFHFEVFNF,A5156G_21_C,PEPLIST,NFHFEVFNF,NDFHFEVFNF,0.0489,1.8718,HLA-A24:02
5156,KPNNDFHFEVF,A5156G_29_C,PEPLIST,KPNNHFEVF,KPNNDFHFEVF,0.2138,0.8793,HLA-B07:02
5156,FHFEVFNF,A5156G_4_C,PEPLIST,FHF-EVFNF,FHFEVFNF,0.0434,1.9782,HLA-A24:02
5156,FHFEVFNF,A5156G_4_C,PEPLIST,FHF-EVFNF,FHFEVFNF,0.0663,0.7646,HLA-C07:02
5156,FHFGVFNF,A5156G_4_V,PEPLIST,FHF-GVFNF,FHFGVFNF,0.0563,0.8754,HLA-C07:02
5156,NNDFHFEVF,A5156G_10_C,PEPLIST,NNDFHFEVF,NNDFHFEVF,0.0555,1.8599,HLA-A01:01
5156,DFHFEVFNF,A5156G_12_C,PEPLIST,DFHFEVFNF,DFHFEVFNF,0.3943,0.4096,HLA-A24:02
5156,DFHFGVFNF,A5156G_12_V,PEPLIST,DFHFGVFNF,DFHFGVFNF,0.4284,0.3751,HLA-A24:02
5156,FHFEVFNFV,A5156G_13_C,PEPLIST,FHFEVFNFV,FHFEVFNFV,0.1084,0.4957,HLA-C07:02
5156,FHFGVFNFV,A5156G_13_V,PEPLIST,FHFGVFNFV,FHFGVFNFV,0.0703,0.7273,HLA-C07:02
5156,KPNNDFHFEV,A5156G_18_C,PEPLIST,KPNDFHFEV,KPNNDFHFEV,0.1762,0.9926,HLA-B07:02
5156,KPNNDFHFGV,A5156G_18_V,PEPLIST,KPNDFHFGV,KPNNDFHFGV,0.0856,1.5888,HLA-B07:02
5156,NDFHFEVFNF,A5156G_21_C,PEPLIST,NFHFEVFNF,NDFHFEVFNF,0.0489,1.8718,HLA-A24:02
5156,NDFHFGVFNF,A5156G_21_V,PEPLIST,NFHFGVFNF,NDFHFGVFNF,0.0861,1.3701,HLA-A24:02
5156,KPNNDFHFEVF,A5156G_29_C,PEPLIST,KPNNHFEVF,KPNNDFHFEVF,0.2138,0.8793,HLA-B07:02
5156,KPNNDFHFGVF,A5156G_29_V,PEPLIST,KPNNHFGVF,KPNNDFHFGVF,0.3187,0.6477,HLA-B07:02
5156,FTLECSIL,A5156G_3_V,PEPLIST,FTL-ECSIL,FTLECSIL,0.0395,1.7713,HLA-C03:04
5156,TLKCSILY,A5156G_4_C,PEPLIST,TLK-CSILY,TLKCSILY,0.1245,1.9187,HLA-B15:01
5156,TLECSILY,A5156G_4_V,PEPLIST,TLE-CSILY,TLECSILY,0.2188,0.7005,HLA-A01:01
5156,IFTLKCSIL,A5156G_9_C,PEPLIST,IFTLKCSIL,IFTLKCSIL,0.0425,1.9956,HLA-A24:02
5156,FTLKCSILY,A5156G_10_C,PEPLIST,FTLKCSILY,FTLKCSILY,0.5824,0.2274,HLA-A01:01
5156,FTLECSILY,A5156G_10_V,PEPLIST,FTLECSILY,FTLECSILY,0.7427,0.1326,HLA-A01:01
5156,FTLECSILY,A5156G_10_V,PEPLIST,FTLECSILY,FTLECSILY,0.1412,1.7543,HLA-B15:01
5156,IFTLKCSILY,A5156G_16_C,PEPLIST,ITLKCSILY,IFTLKCSILY,0.0796,1.4892,HLA-A01:01
5156,IFTLECSILY,A5156G_16_V,PEPLIST,ITLECSILY,IFTLECSILY,0.1704,0.854,HLA-A01:01
5156,KCSILYPAAY,A5156G_20_C,PEPLIST,KSILYPAAY,KCSILYPAAY,0.1658,1.5506,HLA-B15:01
5156,ECSILYPAAY,A5156G_20_V,PEPLIST,ESILYPAAY,ECSILYPAAY,0.0762,1.532,HLA-A01:01
5156,MIFTLECSILY,A5156G_22_V,PEPLIST,MTLECSILY,MIFTLECSILY,0.123,1.1157,HLA-A01:01
5156,FHFEVFNF,A5156G_4_C,PEPLIST,FHF-EVFNF,FHFEVFNF,0.0434,1.9782,HLA-A24:02
5156,FHFEVFNF,A5156G_4_C,PEPLIST,FHF-EVFNF,FHFEVFNF,0.0663,0.7646,HLA-C07:02
5156,DFHFEVFNF,A5156G_12_C,PEPLIST,DFHFEVFNF,DFHFEVFNF,0.3943,0.4096,HLA-A24:02
5156,FHFEVFNFV,A5156G_13_C,PEPLIST,FHFEVFNFV,FHFEVFNFV,0.1084,0.4957,HLA-C07:02
5156,NDFHFEVFNF,A5156G_21_C,PEPLIST,NFHFEVFNF,NDFHFEVFNF,0.0489,1.8718,HLA-A24:02
5156,FHFEVFNF,A5156G_4_C,PEPLIST,FHF-EVFNF,FHFEVFNF,0.0434,1.9782,HLA-A24:02
5156,FHFEVFNF,A5156G_4_C,PEPLIST,FHF-EVFNF,FHFEVFNF,0.0663,0.7646,HLA-C07:02
5156,DFHFEVFNF,A5156G_12_C,PEPLIST,DFHFEVFNF,DFHFEVFNF,0.3943,0.4096,HLA-A24:02
5156,FHFEVFNFV,A5156G_13_C,PEPLIST,FHFEVFNFV,FHFEVFNFV,0.1084,0.4957,HLA-C07:02
5156,NDFHFEVFNF,A5156G_21_C,PEPLIST,NFHFEVFNF,NDFHFEVFNF,0.0489,1.8718,HLA-A24:02
5156,TLKCSILY,A5156G_4_C,PEPLIST,TLK-CSILY,TLKCSILY,0.1245,1.9187,HLA-B15:01
5156,IFTLKCSIL,A5156G_9_C,PEPLIST,IFTLKCSIL,IFTLKCSIL,0.0425,1.9956,HLA-A24:02
5156,FTLKCSILY,A5156G_10_C,PEPLIST,FTLKCSILY,FTLKCSILY,0.5824,0.2274,HLA-A01:01
5156,IFTLKCSILY,A5156G_16_C,PEPLIST,ITLKCSILY,IFTLKCSILY,0.0796,1.4892,HLA-A01:01
5156,KCSILYPAAY,A5156G_20_C,PEPLIST,KSILYPAAY,KCSILYPAAY,0.1658,1.5506,HLA-B15:01
5161,FHFEVFNF,T5161C_2_C,PEPLIST,FHF-EVFNF,FHFEVFNF,0.0434,1.9782,HLA-A24:02
5161,FHFEVFNF,T5161C_2_C,PEPLIST,FHF-EVFNF,FHFEVFNF,0.0663,0.7646,HLA-C07:02
5161,DFHFEVFNF,T5161C_10_C,PEPLIST,DFHFEVFNF,DFHFEVFNF,0.3943,0.4096,HLA-A24:02
5161,FHFEVFNFV,T5161C_11_C,PEPLIST,FHFEVFNFV,FHFEVFNFV,0.1084,0.4957,HLA-C07:02
5161,NDFHFEVFNF,T5161C_19_C,PEPLIST,NFHFEVFNF,NDFHFEVFNF,0.0489,1.8718,HLA-A24:02
5161,FHFEVFNF,T5161C_2_C,PEPLIST,FHF-EVFNF,FHFEVFNF,0.0434,1.9782,HLA-A24:02
5161,FHFEVFNF,T5161C_2_C,PEPLIST,FHF-EVFNF,FHFEVFNF,0.0663,0.7646,HLA-C07:02
5161,DFHFEVFNF,T5161C_10_C,PEPLIST,DFHFEVFNF,DFHFEVFNF,0.3943,0.4096,HLA-A24:02
5161,FHFEVFNFV,T5161C_11_C,PEPLIST,FHFEVFNFV,FHFEVFNFV,0.1084,0.4957,HLA-C07:02
5161,NDFHFEVFNF,T5161C_19_C,PEPLIST,NFHFEVFNF,NDFHFEVFNF,0.0489,1.8718,HLA-A24:02
5161,FHFEVFNF,T5161C_2_C,PEPLIST,FHF-EVFNF,FHFEVFNF,0.0434,1.9782,HLA-A24:02
5161,FHFEVFNF,T5161C_2_C,PEPLIST,FHF-EVFNF,FHFEVFNF,0.0663,0.7646,HLA-C07:02
5161,FHFEVLNF,T5161C_2_V,PEPLIST,FHF-EVLNF,FHFEVLNF,0.1017,0.5263,HLA-C07:02
5161,DFHFEVFNF,T5161C_10_C,PEPLIST,DFHFEVFNF,DFHFEVFNF,0.3943,0.4096,HLA-A24:02
5161,DFHFEVLNF,T5161C_10_V,PEPLIST,DFHFEVLNF,DFHFEVLNF,0.3541,0.462,HLA-A24:02
5161,DFHFEVLNF,T5161C_10_V,PEPLIST,DFHFEVLNF,DFHFEVLNF,0.0224,1.7754,HLA-C07:02
5161,FHFEVFNFV,T5161C_11_C,PEPLIST,FHFEVFNFV,FHFEVFNFV,0.1084,0.4957,HLA-C07:02
5161,FHFEVLNFV,T5161C_11_V,PEPLIST,FHFEVLNFV,FHFEVLNFV,0.0903,0.5841,HLA-C07:02
5161,VFNFVPCSI,T5161C_15_C,PEPLIST,VFNFVPCSI,VFNFVPCSI,0.1399,1.0145,HLA-A24:02
5161,NDFHFEVFNF,T5161C_19_C,PEPLIST,NFHFEVFNF,NDFHFEVFNF,0.0489,1.8718,HLA-A24:02
5161,NDFHFEVLNF,T5161C_19_V,PEPLIST,NFHFEVLNF,NDFHFEVLNF,0.0601,1.6694,HLA-A24:02
5161,FHFEVFNF,T5161C_2_C,PEPLIST,FHF-EVFNF,FHFEVFNF,0.0434,1.9782,HLA-A24:02
5161,FHFEVFNF,T5161C_2_C,PEPLIST,FHF-EVFNF,FHFEVFNF,0.0663,0.7646,HLA-C07:02
5161,DFHFEVFNF,T5161C_10_C,PEPLIST,DFHFEVFNF,DFHFEVFNF,0.3943,0.4096,HLA-A24:02
5161,FHFEVFNFV,T5161C_11_C,PEPLIST,FHFEVFNFV,FHFEVFNFV,0.1084,0.4957,HLA-C07:02
5161,VFNFVPCSI,T5161C_15_C,PEPLIST,VFNFVPCSI,VFNFVPCSI,0.1399,1.0145,HLA-A24:02
5161,NDFHFEVFNF,T5161C_19_C,PEPLIST,NFHFEVFNF,NDFHFEVFNF,0.0489,1.8718,HLA-A24:02
5162,FHFEVFNF,T5162A_2_C,PEPLIST,FHF-EVFNF,FHFEVFNF,0.0434,1.9782,HLA-A24:02
5162,FHFEVFNF,T5162A_2_C,PEPLIST,FHF-EVFNF,FHFEVFNF,0.0663,0.7646,HLA-C07:02
5162,DFHFEVFNF,T5162A_10_C,PEPLIST,DFHFEVFNF,DFHFEVFNF,0.3943,0.4096,HLA-A24:02
5162,FHFEVFNFV,T5162A_11_C,PEPLIST,FHFEVFNFV,FHFEVFNFV,0.1084,0.4957,HLA-C07:02
5162,NDFHFEVFNF,T5162A_19_C,PEPLIST,NFHFEVFNF,NDFHFEVFNF,0.0489,1.8718,HLA-A24:02
5162,FHFEVFNF,T5162A_2_C,PEPLIST,FHF-EVFNF,FHFEVFNF,0.0434,1.9782,HLA-A24:02
5162,FHFEVFNF,T5162A_2_C,PEPLIST,FHF-EVFNF,FHFEVFNF,0.0663,0.7646,HLA-C07:02
5162,DFHFEVFNF,T5162A_10_C,PEPLIST,DFHFEVFNF,DFHFEVFNF,0.3943,0.4096,HLA-A24:02
5162,FHFEVFNFV,T5162A_11_C,PEPLIST,FHFEVFNFV,FHFEVFNFV,0.1084,0.4957,HLA-C07:02
5162,NDFHFEVFNF,T5162A_19_C,PEPLIST,NFHFEVFNF,NDFHFEVFNF,0.0489,1.8718,HLA-A24:02
5162,TLKCSILY,T5162A_3_C,PEPLIST,TLK-CSILY,TLKCSILY,0.1245,1.9187,HLA-B15:01
5162,IFTLKCSIL,T5162A_10_C,PEPLIST,IFTLKCSIL,IFTLKCSIL,0.0425,1.9956,HLA-A24:02
5162,FTLKCSILY,T5162A_11_C,PEPLIST,FTLKCSILY,FTLKCSILY,0.5824,0.2274,HLA-A01:01
5162,IFTLKCSILY,T5162A_19_C,PEPLIST,ITLKCSILY,IFTLKCSILY,0.0796,1.4892,HLA-A01:01
5162,KCSILYPAAY,T5162A_23_C,PEPLIST,KSILYPAAY,KCSILYPAAY,0.1658,1.5506,HLA-B15:01
5162,FHFEVFNF,T5162A_2_C,PEPLIST,FHF-EVFNF,FHFEVFNF,0.0434,1.9782,HLA-A24:02
5162,FHFEVFNF,T5162A_2_C,PEPLIST,FHF-EVFNF,FHFEVFNF,0.0663,0.7646,HLA-C07:02
5162,DFHFEVFNF,T5162A_10_C,PEPLIST,DFHFEVFNF,DFHFEVFNF,0.3943,0.4096,HLA-A24:02
5162,FHFEVFNFV,T5162A_11_C,PEPLIST,FHFEVFNFV,FHFEVFNFV,0.1084,0.4957,HLA-C07:02
5162,VFNFVPCSI,T5162A_15_C,PEPLIST,VFNFVPCSI,VFNFVPCSI,0.1399,1.0145,HLA-A24:02
5162,NDFHFEVFNF,T5162A_19_C,PEPLIST,NFHFEVFNF,NDFHFEVFNF,0.0489,1.8718,HLA-A24:02
5162,FHFEVFNF,T5162A_2_C,PEPLIST,FHF-EVFNF,FHFEVFNF,0.0434,1.9782,HLA-A24:02
5162,FHFEVFNF,T5162A_2_C,PEPLIST,FHF-EVFNF,FHFEVFNF,0.0663,0.7646,HLA-C07:02
5162,FHFEVYNF,T5162A_2_V,PEPLIST,FHFEV-YNF,FHFEVYNF,0.0548,1.7603,HLA-A24:02
5162,FHFEVYNF,T5162A_2_V,PEPLIST,FHF-EVYNF,FHFEVYNF,0.0818,0.6386,HLA-C07:02
5162,DFHFEVFNF,T5162A_10_C,PEPLIST,DFHFEVFNF,DFHFEVFNF,0.3943,0.4096,HLA-A24:02
5162,DFHFEVYNF,T5162A_10_V,PEPLIST,DFHFEVYNF,DFHFEVYNF,0.4323,0.3714,HLA-A24:02
5162,DFHFEVYNF,T5162A_10_V,PEPLIST,DFHFEVYNF,DFHFEVYNF,0.0195,1.9542,HLA-C07:02
5162,FHFEVFNFV,T5162A_11_C,PEPLIST,FHFEVFNFV,FHFEVFNFV,0.1084,0.4957,HLA-C07:02
5162,FHFEVYNFV,T5162A_11_V,PEPLIST,FHFEVYNFV,FHFEVYNFV,0.0929,0.5712,HLA-C07:02
5162,VFNFVPCSI,T5162A_15_C,PEPLIST,VFNFVPCSI,VFNFVPCSI,0.1399,1.0145,HLA-A24:02
5162,VYNFVPCSI,T5162A_15_V,PEPLIST,VYNFVPCSI,VYNFVPCSI,0.668,0.1816,HLA-A24:02
5162,VYNFVPCSI,T5162A_15_V,PEPLIST,VYNFVPCSI,VYNFVPCSI,0.0699,0.7319,HLA-C07:02
5162,NDFHFEVFNF,T5162A_19_C,PEPLIST,NFHFEVFNF,NDFHFEVFNF,0.0489,1.8718,HLA-A24:02
5162,NDFHFEVYNF,T5162A_19_V,PEPLIST,NFHFEVYNF,NDFHFEVYNF,0.0638,1.6168,HLA-A24:02
5162,FTLKCTIL,T5162A_2_V,PEPLIST,FTL-KCTIL,FTLKCTIL,0.0424,1.7021,HLA-C03:04
5162,TLKCSILY,T5162A_3_C,PEPLIST,TLK-CSILY,TLKCSILY,0.1245,1.9187,HLA-B15:01
5162,TLKCTILY,T5162A_3_V,PEPLIST,TLK-CTILY,TLKCTILY,0.1204,1.9659,HLA-B15:01
5162,IFTLKCSIL,T5162A_10_C,PEPLIST,IFTLKCSIL,IFTLKCSIL,0.0425,1.9956,HLA-A24:02
5162,IFTLKCTIL,T5162A_10_V,PEPLIST,IFTLKCTIL,IFTLKCTIL,0.058,1.6996,HLA-A24:02
5162,FTLKCSILY,T5162A_11_C,PEPLIST,FTLKCSILY,FTLKCSILY,0.5824,0.2274,HLA-A01:01
5162,FTLKCTILY,T5162A_11_V,PEPLIST,FTLKCTILY,FTLKCTILY,0.5832,0.2269,HLA-A01:01
5162,CSILYPAAY,T5162A_15_C,PEPLIST,CSILYPAAY,CSILYPAAY,0.1975,0.7637,HLA-A01:01
5162,CSILYPAAY,T5162A_15_C,PEPLIST,CSILYPAAY,CSILYPAAY,0.2472,1.0967,HLA-B15:01
5162,CTILYPAAY,T5162A_15_V,PEPLIST,CTILYPAAY,CTILYPAAY,0.2402,0.6544,HLA-A01:01
5162,CTILYPAAY,T5162A_15_V,PEPLIST,CTILYPAAY,CTILYPAAY,0.2387,1.1327,HLA-B15:01
5162,IFTLKCSILY,T5162A_19_C,PEPLIST,ITLKCSILY,IFTLKCSILY,0.0796,1.4892,HLA-A01:01
5162,IFTLKCTILY,T5162A_19_V,PEPLIST,ITLKCTILY,IFTLKCTILY,0.0764,1.529,HLA-A01:01
5162,KCSILYPAAY,T5162A_23_C,PEPLIST,KSILYPAAY,KCSILYPAAY,0.1658,1.5506,HLA-B15:01
5162,KCTILYPAAY,T5162A_23_V,PEPLIST,KTILYPAAY,KCTILYPAAY,0.1928,1.3743,HLA-B15:01
5205,PVGPSAREY,T5205C_15_C,PEPLIST,PVGPSAREY,PVGPSAREY,0.1119,1.1981,HLA-A01:01
5205,PAGPSAREY,T5205C_15_V,PEPLIST,PAGPSAREY,PAGPSAREY,0.0979,1.3029,HLA-A01:01
5205,QPVGPSAREY,T5205C_24_C,PEPLIST,QVGPSAREY,QPVGPSAREY,0.0973,1.3083,HLA-A01:01
5205,QPVGPSAREY,T5205C_24_C,PEPLIST,QPVGPSAEY,QPVGPSAREY,0.0965,1.4857,HLA-B07:02
5205,QPVGPSAREY,T5205C_24_C,PEPLIST,QVGPSAREY,QPVGPSAREY,0.1926,1.3752,HLA-B15:01
5205,QPAGPSAREY,T5205C_24_V,PEPLIST,QPAGPSAEY,QPAGPSAREY,0.1442,0.9779,HLA-A01:01
5205,QPAGPSAREY,T5205C_24_V,PEPLIST,QPAGPSAEY,QPAGPSAREY,0.1462,1.1288,HLA-B07:02
5205,IQPVGPSAREY,T5205C_34_C,PEPLIST,IQPPSAREY,IQPVGPSAREY,0.6913,0.2217,HLA-B15:01
5205,IQPVGPSAREY,T5205C_34_C,PEPLIST,IQPPSAREY,IQPVGPSAREY,0.0212,1.8436,HLA-C07:02
5205,IQPAGPSAREY,T5205C_34_V,PEPLIST,IQPAGPSEY,IQPAGPSAREY,0.0581,1.8074,HLA-A01:01
5205,IQPAGPSAREY,T5205C_34_V,PEPLIST,IQPAGPSAY,IQPAGPSAREY,0.7527,0.1566,HLA-B15:01
5205,IQPAGPSAREY,T5205C_34_V,PEPLIST,IQPPSAREY,IQPAGPSAREY,0.0224,1.7731,HLA-C07:02
5325,KPQNPRKY,A5325C_3_V,PEPLIST,KPQNPR-KY,KPQNPRKY,0.0824,1.6276,HLA-B07:02
5325,LKPQNQRKY,A5325C_11_C,PEPLIST,LKPQNQRKY,LKPQNQRKY,0.1235,0.4535,HLA-C07:02
5325,LKPQNPRKY,A5325C_11_V,PEPLIST,LKPQNPRKY,LKPQNPRKY,0.2047,0.2651,HLA-C07:02
5325,KPQNPRKYS,A5325C_12_V,PEPLIST,KPQNPRKYS,KPQNPRKYS,0.1666,1.0334,HLA-B07:02
5325,NPRKYSPPS,A5325C_15_V,PEPLIST,NPRKYSPPS,NPRKYSPPS,0.1679,1.0274,HLA-B07:02
5325,NLKPQNQRKY,A5325C_20_C,PEPLIST,NLKPQNQRY,NLKPQNQRKY,0.0964,1.3165,HLA-A01:01
5325,NLKPQNQRKY,A5325C_20_C,PEPLIST,NLKPQNQKY,NLKPQNQRKY,0.3788,0.7001,HLA-B15:01
5325,NLKPQNPRKY,A5325C_20_V,PEPLIST,NLKPQNPRY,NLKPQNPRKY,0.0727,1.5765,HLA-A01:01
5325,NLKPQNPRKY,A5325C_20_V,PEPLIST,NLKPQNPKY,NLKPQNPRKY,0.3439,0.7858,HLA-B15:01
5325,KPQNPRKYSP,A5325C_22_V,PEPLIST,KPQNPRKSP,KPQNPRKYSP,0.1518,1.1012,HLA-B07:02
5325,NPRKYSPPSP,A5325C_25_V,PEPLIST,NPRKSPPSP,NPRKYSPPSP,0.0708,1.8087,HLA-B07:02
5325,KPQNPRKYSPP,A5325C_33_V,PEPLIST,KPQNPRSPP,KPQNPRKYSPP,0.0871,1.5749,HLA-B07:02
5455,QSTTSEGY,C5455T_7_C,PEPLIST,QST-TSEGY,QSTTSEGY,0.0649,1.6877,HLA-A01:01
5455,LQSTTSEGY,C5455T_15_C,PEPLIST,LQSTTSEGY,LQSTTSEGY,0.1587,0.8964,HLA-A01:01
5455,LQSTTSEGY,C5455T_15_C,PEPLIST,LQSTTSEGY,LQSTTSEGY,0.8783,0.0597,HLA-B15:01
5455,TLQSTTSEGY,C5455T_24_C,PEPLIST,TLQSTTSEY,TLQSTTSEGY,0.3842,0.4117,HLA-A01:01
5455,TLQSTTSEGY,C5455T_24_C,PEPLIST,TLQSTTSEY,TLQSTTSEGY,0.5783,0.3475,HLA-B15:01
5455,ETLQSTTSEGY,C5455T_34_C,PEPLIST,ETSTTSEGY,ETLQSTTSEGY,0.4418,0.3506,HLA-A01:01
5455,QSTTSEGY,C5455T_7_C,PEPLIST,QST-TSEGY,QSTTSEGY,0.0649,1.6877,HLA-A01:01
5455,LQSTTSEGY,C5455T_15_C,PEPLIST,LQSTTSEGY,LQSTTSEGY,0.1587,0.8964,HLA-A01:01
5455,LQSTTSEGY,C5455T_15_C,PEPLIST,LQSTTSEGY,LQSTTSEGY,0.8783,0.0597,HLA-B15:01
5455,TLQSTTSEGY,C5455T_24_C,PEPLIST,TLQSTTSEY,TLQSTTSEGY,0.3842,0.4117,HLA-A01:01
5455,TLQSTTSEGY,C5455T_24_C,PEPLIST,TLQSTTSEY,TLQSTTSEGY,0.5783,0.3475,HLA-B15:01
5455,ETLQSTTSEGY,C5455T_34_C,PEPLIST,ETSTTSEGY,ETLQSTTSEGY,0.4418,0.3506,HLA-A01:01
5455,QSTTSEGY,C5455T_7_C,PEPLIST,QST-TSEGY,QSTTSEGY,0.0649,1.6877,HLA-A01:01
5455,LQSTTSEGY,C5455T_15_C,PEPLIST,LQSTTSEGY,LQSTTSEGY,0.1587,0.8964,HLA-A01:01
5455,LQSTTSEGY,C5455T_15_C,PEPLIST,LQSTTSEGY,LQSTTSEGY,0.8783,0.0597,HLA-B15:01
5455,TLQSTTSEGY,C5455T_24_C,PEPLIST,TLQSTTSEY,TLQSTTSEGY,0.3842,0.4117,HLA-A01:01
5455,TLQSTTSEGY,C5455T_24_C,PEPLIST,TLQSTTSEY,TLQSTTSEGY,0.5783,0.3475,HLA-B15:01
5455,ETLQSTTSEGY,C5455T_34_C,PEPLIST,ETSTTSEGY,ETLQSTTSEGY,0.4418,0.3506,HLA-A01:01
5458,QSTTSEGY,T5458C_6_C,PEPLIST,QST-TSEGY,QSTTSEGY,0.0649,1.6877,HLA-A01:01
5458,LQSTTSEGY,T5458C_14_C,PEPLIST,LQSTTSEGY,LQSTTSEGY,0.1587,0.8964,HLA-A01:01
5458,LQSTTSEGY,T5458C_14_C,PEPLIST,LQSTTSEGY,LQSTTSEGY,0.8783,0.0597,HLA-B15:01
5458,TLQSTTSEGY,T5458C_23_C,PEPLIST,TLQSTTSEY,TLQSTTSEGY,0.3842,0.4117,HLA-A01:01
5458,TLQSTTSEGY,T5458C_23_C,PEPLIST,TLQSTTSEY,TLQSTTSEGY,0.5783,0.3475,HLA-B15:01
5458,ETLQSTTSEGY,T5458C_33_C,PEPLIST,ETSTTSEGY,ETLQSTTSEGY,0.4418,0.3506,HLA-A01:01
5458,QSTTSEGY,T5458C_6_C,PEPLIST,QST-TSEGY,QSTTSEGY,0.0649,1.6877,HLA-A01:01
5458,LQSTTSEGY,T5458C_14_C,PEPLIST,LQSTTSEGY,LQSTTSEGY,0.1587,0.8964,HLA-A01:01
5458,LQSTTSEGY,T5458C_14_C,PEPLIST,LQSTTSEGY,LQSTTSEGY,0.8783,0.0597,HLA-B15:01
5458,LQPTTSEGY,T5458C_14_V,PEPLIST,LQPTTSEGY,LQPTTSEGY,0.071,1.5978,HLA-A01:01
5458,LQPTTSEGY,T5458C_14_V,PEPLIST,LQPTTSEGY,LQPTTSEGY,0.7367,0.1689,HLA-B15:01
5458,TLQSTTSEGY,T5458C_23_C,PEPLIST,TLQSTTSEY,TLQSTTSEGY,0.3842,0.4117,HLA-A01:01
5458,TLQSTTSEGY,T5458C_23_C,PEPLIST,TLQSTTSEY,TLQSTTSEGY,0.5783,0.3475,HLA-B15:01
5458,TLQPTTSEGY,T5458C_23_V,PEPLIST,TLQPTTSEY,TLQPTTSEGY,0.5251,0.2699,HLA-A01:01
5458,TLQPTTSEGY,T5458C_23_V,PEPLIST,TLQPTTSEY,TLQPTTSEGY,0.7531,0.1563,HLA-B15:01
5458,ETLQSTTSEGY,T5458C_33_C,PEPLIST,ETSTTSEGY,ETLQSTTSEGY,0.4418,0.3506,HLA-A01:01
5458,ETLQPTTSEGY,T5458C_33_V,PEPLIST,ETLQPTTSY,ETLQPTTSEGY,0.3818,0.4151,HLA-A01:01
5458,ETLQPTTSEGY,T5458C_33_V,PEPLIST,ETLQPTTSY,ETLQPTTSEGY,0.1241,1.9232,HLA-B15:01
5458,QSTTSEGY,T5458C_6_C,PEPLIST,QST-TSEGY,QSTTSEGY,0.0649,1.6877,HLA-A01:01
5458,LQSTTSEGY,T5458C_14_C,PEPLIST,LQSTTSEGY,LQSTTSEGY,0.1587,0.8964,HLA-A01:01
5458,LQSTTSEGY,T5458C_14_C,PEPLIST,LQSTTSEGY,LQSTTSEGY,0.8783,0.0597,HLA-B15:01
5458,TLQSTTSEGY,T5458C_23_C,PEPLIST,TLQSTTSEY,TLQSTTSEGY,0.3842,0.4117,HLA-A01:01
5458,TLQSTTSEGY,T5458C_23_C,PEPLIST,TLQSTTSEY,TLQSTTSEGY,0.5783,0.3475,HLA-B15:01
5458,ETLQSTTSEGY,T5458C_33_C,PEPLIST,ETSTTSEGY,ETLQSTTSEGY,0.4418,0.3506,HLA-A01:01
5459,QSTTSEGY,C5459A_6_C,PEPLIST,QST-TSEGY,QSTTSEGY,0.0649,1.6877,HLA-A01:01
5459,LQSTTSEGY,C5459A_14_C,PEPLIST,LQSTTSEGY,LQSTTSEGY,0.1587,0.8964,HLA-A01:01
5459,LQSTTSEGY,C5459A_14_C,PEPLIST,LQSTTSEGY,LQSTTSEGY,0.8783,0.0597,HLA-B15:01
5459,TLQSTTSEGY,C5459A_23_C,PEPLIST,TLQSTTSEY,TLQSTTSEGY,0.3842,0.4117,HLA-A01:01
5459,TLQSTTSEGY,C5459A_23_C,PEPLIST,TLQSTTSEY,TLQSTTSEGY,0.5783,0.3475,HLA-B15:01
5459,ETLQSTTSEGY,C5459A_33_C,PEPLIST,ETSTTSEGY,ETLQSTTSEGY,0.4418,0.3506,HLA-A01:01
5459,QSTTSEGY,C5459A_6_C,PEPLIST,QST-TSEGY,QSTTSEGY,0.0649,1.6877,HLA-A01:01
5459,LQSTTSEGY,C5459A_14_C,PEPLIST,LQSTTSEGY,LQSTTSEGY,0.1587,0.8964,HLA-A01:01
5459,LQSTTSEGY,C5459A_14_C,PEPLIST,LQSTTSEGY,LQSTTSEGY,0.8783,0.0597,HLA-B15:01
5459,TLQSTTSEGY,C5459A_23_C,PEPLIST,TLQSTTSEY,TLQSTTSEGY,0.3842,0.4117,HLA-A01:01
5459,TLQSTTSEGY,C5459A_23_C,PEPLIST,TLQSTTSEY,TLQSTTSEGY,0.5783,0.3475,HLA-B15:01
5459,ETLQSTTSEGY,C5459A_33_C,PEPLIST,ETSTTSEGY,ETLQSTTSEGY,0.4418,0.3506,HLA-A01:01
5459,QSTTSEGY,C5459A_6_C,PEPLIST,QST-TSEGY,QSTTSEGY,0.0649,1.6877,HLA-A01:01
5459,LQSTTSEGY,C5459A_14_C,PEPLIST,LQSTTSEGY,LQSTTSEGY,0.1587,0.8964,HLA-A01:01
5459,LQSTTSEGY,C5459A_14_C,PEPLIST,LQSTTSEGY,LQSTTSEGY,0.8783,0.0597,HLA-B15:01
5459,TLQSTTSEGY,C5459A_23_C,PEPLIST,TLQSTTSEY,TLQSTTSEGY,0.3842,0.4117,HLA-A01:01
5459,TLQSTTSEGY,C5459A_23_C,PEPLIST,TLQSTTSEY,TLQSTTSEGY,0.5783,0.3475,HLA-B15:01
5459,ETLQSTTSEGY,C5459A_33_C,PEPLIST,ETSTTSEGY,ETLQSTTSEGY,0.4418,0.3506,HLA-A01:01
5459,KPSNKPPPK,C5459A_12_V,PEPLIST,KPSNKPPPK,KPSNKPPPK,0.077,1.6989,HLA-B07:02
5459,SNQPPPKAI,C5459A_14_C,PEPLIST,SNQPPPKAI,SNQPPPKAI,0.0436,1.6788,HLA-C03:04
5459,QPPPKAIRA,C5459A_16_C,PEPLIST,QPPPKAIRA,QPPPKAIRA,0.1395,1.1618,HLA-B07:02
5459,KPPPKAIRA,C5459A_16_V,PEPLIST,KPPPKAIRA,KPPPKAIRA,0.3226,0.6399,HLA-B07:02
5459,KPSNQPPPKA,C5459A_22_C,PEPLIST,KPNQPPPKA,KPSNQPPPKA,0.2787,0.7299,HLA-B07:02
5459,KPSNKPPPKA,C5459A_22_V,PEPLIST,KPNKPPPKA,KPSNKPPPKA,0.2951,0.6948,HLA-B07:02
5459,KPSNQPPPKAI,C5459A_33_C,PEPLIST,KPSPPPKAI,KPSNQPPPKAI,0.8079,0.1335,HLA-B07:02
5459,KPSNKPPPKAI,C5459A_33_V,PEPLIST,KPKPPPKAI,KPSNKPPPKAI,0.8755,0.0845,HLA-B07:02
5459,QPPPKAIRA,C5459A_16_C,PEPLIST,QPPPKAIRA,QPPPKAIRA,0.1395,1.1618,HLA-B07:02
5480,QPPPKAIRA,C5480T_9_C,PEPLIST,QPPPKAIRA,QPPPKAIRA,0.1395,1.1618,HLA-B07:02
5480,YPSPSQVY,C5480T_6_C,PEPLIST,YPSPS-QVY,YPSPSQVY,0.0609,1.7566,HLA-A01:01
5480,YPSPSQVY,C5480T_6_C,PEPLIST,YPS-PSQVY,YPSPSQVY,0.0918,1.5284,HLA-B07:02
5480,YPSPSQVY,C5480T_6_C,PEPLIST,-YPSPSQVY,YPSPSQVY,0.0571,0.866,HLA-C07:02
5480,YLSPSQVY,C5480T_6_V,PEPLIST,YLSPS-QVY,YLSPSQVY,0.2506,0.6319,HLA-A01:01
5480,YLSPSQVY,C5480T_6_V,PEPLIST,YLS-PSQVY,YLSPSQVY,0.6771,0.2412,HLA-B15:01
5480,YLSPSQVY,C5480T_6_V,PEPLIST,YLSP-SQVY,YLSPSQVY,0.0282,1.513,HLA-C07:02
5480,EGYPSPSQV,C5480T_13_C,PEPLIST,EGYPSPSQV,EGYPSPSQV,0.0357,1.872,HLA-C03:04
5480,GYPSPSQVY,C5480T_14_C,PEPLIST,GYPSPSQVY,GYPSPSQVY,0.3637,0.4495,HLA-A24:02
5480,GYPSPSQVY,C5480T_14_C,PEPLIST,GYPSPSQVY,GYPSPSQVY,0.1236,1.9282,HLA-B15:01
5480,GYPSPSQVY,C5480T_14_C,PEPLIST,GYPSPSQVY,GYPSPSQVY,0.5741,0.0496,HLA-C07:02
5480,GYLSPSQVY,C5480T_14_V,PEPLIST,GYLSPSQVY,GYLSPSQVY,0.2839,0.575,HLA-A24:02
5480,GYLSPSQVY,C5480T_14_V,PEPLIST,GYLSPSQVY,GYLSPSQVY,0.1563,1.6238,HLA-B15:01
5480,GYLSPSQVY,C5480T_14_V,PEPLIST,GYLSPSQVY,GYLSPSQVY,0.4186,0.103,HLA-C07:02
5480,YPSPSQVYT,C5480T_15_C,PEPLIST,YPSPSQVYT,YPSPSQVYT,0.1804,0.9793,HLA-B07:02
5480,EGYPSPSQVY,C5480T_23_C,PEPLIST,EGYPSPSQY,EGYPSPSQVY,0.1422,0.9896,HLA-A01:01
5480,EGYPSPSQVY,C5480T_23_C,PEPLIST,EYPSPSQVY,EGYPSPSQVY,0.0896,1.3381,HLA-A24:02
5480,EGYPSPSQVY,C5480T_23_C,PEPLIST,EGYPPSQVY,EGYPSPSQVY,0.243,1.1142,HLA-B15:01
5480,EGYPSPSQVY,C5480T_23_C,PEPLIST,EYPSPSQVY,EGYPSPSQVY,0.0845,0.6195,HLA-C07:02
5480,EGYLSPSQVY,C5480T_23_V,PEPLIST,EGYSPSQVY,EGYLSPSQVY,0.064,1.7014,HLA-A01:01
5480,EGYLSPSQVY,C5480T_23_V,PEPLIST,EGYSPSQVY,EGYLSPSQVY,0.1238,1.926,HLA-B15:01
5480,EGYLSPSQVY,C5480T_23_V,PEPLIST,EYLSPSQVY,EGYLSPSQVY,0.0283,1.5067,HLA-C07:02
5480,YPSPSQVYTT,C5480T_25_C,PEPLIST,YPSPSQVTT,YPSPSQVYTT,0.0675,1.8658,HLA-B07:02
5480,PSPSQVYTTF,C5480T_26_C,PEPLIST,PSPSVYTTF,PSPSQVYTTF,0.0582,1.6961,HLA-A24:02
5480,PSPSQVYTTF,C5480T_26_C,PEPLIST,SPSQVYTTF,SPSQVYTTF,0.086,1.5851,HLA-B07:02
5480,LSPSQVYTTF,C5480T_26_V,PEPLIST,LSPSVYTTF,LSPSQVYTTF,0.1216,1.1191,HLA-A24:02
5480,LSPSQVYTTF,C5480T_26_V,PEPLIST,LPSQVYTTF,LSPSQVYTTF,0.2293,0.8418,HLA-B07:02
5480,SEGYPSPSQVY,C5480T_33_C,PEPLIST,SEPSPSQVY,SEGYPSPSQVY,0.0735,1.5666,HLA-A01:01
5480,SEGYPSPSQVY,C5480T_33_C,PEPLIST,SYPSPSQVY,SEGYPSPSQVY,0.1775,0.8462,HLA-A24:02
5480,SEGYPSPSQVY,C5480T_33_C,PEPLIST,SEPSPSQVY,SEGYPSPSQVY,0.1287,1.8742,HLA-B15:01
5480,SEGYPSPSQVY,C5480T_33_C,PEPLIST,SYPSPSQVY,SEGYPSPSQVY,0.1922,0.2858,HLA-C07:02
5480,SEGYLSPSQVY,C5480T_33_V,PEPLIST,SYLSPSQVY,SEGYLSPSQVY,0.1143,1.1616,HLA-A24:02
5480,SEGYLSPSQVY,C5480T_33_V,PEPLIST,SELSPSQVY,SEGYLSPSQVY,0.137,1.7937,HLA-B15:01
5480,SEGYLSPSQVY,C5480T_33_V,PEPLIST,SYLSPSQVY,SEGYLSPSQVY,0.0739,0.6958,HLA-C07:02
5480,YPSPSQVYTTF,C5480T_36_C,PEPLIST,YPSPVYTTF,YPSPSQVYTTF,0.0516,1.8196,HLA-A24:02
5480,YPSPSQVYTTF,C5480T_36_C,PEPLIST,YPSPSQTTF,YPSPSQVYTTF,0.6495,0.2573,HLA-B07:02
5480,YPSPSQVYTTF,C5480T_36_C,PEPLIST,YPSPSQVTF,YPSPSQVYTTF,0.0364,1.8533,HLA-C03:04
5480,YLSPSQVYTTF,C5480T_36_V,PEPLIST,YLSPSYTTF,YLSPSQVYTTF,0.3013,0.5433,HLA-A24:02
5480,YLSPSQVYTTF,C5480T_36_V,PEPLIST,YPSQVYTTF,YLSPSQVYTTF,0.1767,0.9912,HLA-B07:02
5480,YLSPSQVYTTF,C5480T_36_V,PEPLIST,YLSPSQTTF,YLSPSQVYTTF,0.5944,0.3258,HLA-B15:01
5480,QPPPKAIRA,C5480T_9_C,PEPLIST,QPPPKAIRA,QPPPKAIRA,0.1395,1.1618,HLA-B07:02
5480,AIRAHHKSI,C5480T_14_C,PEPLIST,AIRAHHKSI,AIRAHHKSI,0.241,0.8137,HLA-B07:02
5480,RAHHKSIQHL,C5480T_26_C,PEPLIST,RAHHKSIQL,RAHHKSIQHL,0.0698,1.8255,HLA-B07:02
5480,AIRAHHKSI,C5480T_14_C,PEPLIST,AIRAHHKSI,AIRAHHKSI,0.241,0.8137,HLA-B07:02
5480,RAHHKSIQHL,C5480T_26_C,PEPLIST,RAHHKSIQL,RAHHKSIQHL,0.0698,1.8255,HLA-B07:02
5484,AIRAHHKSI,C5484T_13_C,PEPLIST,AIRAHHKSI,AIRAHHKSI,0.241,0.8137,HLA-B07:02
5484,RAHHKSIQHL,C5484T_25_C,PEPLIST,RAHHKSIQL,RAHHKSIQHL,0.0698,1.8255,HLA-B07:02
5484,AIRAHHKSI,C5484T_13_C,PEPLIST,AIRAHHKSI,AIRAHHKSI,0.241,0.8137,HLA-B07:02
5484,AIRVHHKSI,C5484T_13_V,PEPLIST,AIRVHHKSI,AIRVHHKSI,0.1337,1.1903,HLA-B07:02
5484,RVHHKSIQH,C5484T_15_V,PEPLIST,RVHHKSIQH,RVHHKSIQH,0.1594,1.5992,HLA-B15:01
5484,AHHKSIQHL,C5484T_16_C,PEPLIST,AHHKSIQHL,AHHKSIQHL,0.0432,1.9832,HLA-A24:02
5484,AHHKSIQHL,C5484T_16_C,PEPLIST,AHHKSIQHL,AHHKSIQHL,0.232,0.2305,HLA-C07:02
5484,VHHKSIQHL,C5484T_16_V,PEPLIST,VHHKSIQHL,VHHKSIQHL,0.1051,1.2178,HLA-A24:02
5484,VHHKSIQHL,C5484T_16_V,PEPLIST,VHHKSIQHL,VHHKSIQHL,0.3065,0.1651,HLA-C07:02
5484,RAHHKSIQHL,C5484T_25_C,PEPLIST,RAHHKSIQL,RAHHKSIQHL,0.0698,1.8255,HLA-B07:02
5484,RVHHKSIQHL,C5484T_25_V,PEPLIST,RVHHKSIQL,RVHHKSIQHL,0.0684,1.8493,HLA-B07:02
5519,TTFGQEETL,A5519T_10_C,PEPLIST,TTFGQEETL,TTFGQEETL,0.294,0.3939,HLA-C03:04
5519,TTFGQEVTL,A5519T_10_V,PEPLIST,TTFGQEVTL,TTFGQEVTL,0.517,0.2,HLA-C03:04
5519,TTFGQEVTL,A5519T_10_V,PEPLIST,TTFGQEVTL,TTFGQEVTL,0.0236,1.7083,HLA-C07:02
5519,YTTFGQEETL,A5519T_19_C,PEPLIST,YTFGQEETL,YTTFGQEETL,0.0528,1.4961,HLA-C03:04
5519,YTTFGQEVTL,A5519T_19_V,PEPLIST,YTFGQEVTL,YTTFGQEVTL,0.1441,0.7324,HLA-C03:04
5519,VYTTFGQEETL,A5519T_29_C,PEPLIST,VYTTFGQTL,VYTTFGQEETL,0.4514,0.3535,HLA-A24:02
5519,VYTTFGQEVTL,A5519T_29_V,PEPLIST,VYTTFGQTL,VYTTFGQEVTL,0.4836,0.3234,HLA-A24:02
5519,VYTTFGQEVTL,A5519T_29_V,PEPLIST,VYFGQEVTL,VYTTFGQEVTL,0.0245,1.6674,HLA-C07:02
5519,ETLHSTTSEGY,A5519T_37_C,PEPLIST,ETSTTSEGY,ETLHSTTSEGY,0.4255,0.3668,HLA-A01:01
5519,VTLHSTTSEGY,A5519T_37_V,PEPLIST,VTSTTSEGY,VTLHSTTSEGY,0.4188,0.3735,HLA-A01:01
5519,VTLHSTTSEGY,A5519T_37_V,PEPLIST,VTLHSTTSY,VTLHSTTSEGY,0.1522,1.6581,HLA-B15:01
5519,KPSTQPPPKA,A5519T_26_C,PEPLIST,KPSQPPPKA,KPSTQPPPKA,0.2344,0.8296,HLA-B07:02
5519,KPSTQPPPKAI,A5519T_37_C,PEPLIST,KPSPPPKAI,KPSTQPPPKAI,0.8084,0.1332,HLA-B07:02
5610,HPAQQNNSH,C5610T_15_C,PEPLIST,HPAQQNNSH,HPAQQNNSH,0.197,0.9264,HLA-B07:02
5610,HLAQQNNSH,C5610T_15_V,PEPLIST,HLAQQNNSH,HLAQQNNSH,0.1324,1.8378,HLA-B15:01
5778,SQNITEEF,G5778A_7_C,PEPLIST,SQN-ITEEF,SQNITEEF,0.5758,0.3511,HLA-B15:01
5778,NQNITEEF,G5778A_7_V,PEPLIST,NQN-ITEEF,NQNITEEF,0.1717,1.5065,HLA-B15:01
5778,SSQNITEEF,G5778A_15_C,PEPLIST,SSQNITEEF,SSQNITEEF,0.1651,0.873,HLA-A01:01
5778,SSQNITEEF,G5778A_15_C,PEPLIST,SSQNITEEF,SSQNITEEF,0.1081,1.1973,HLA-A24:02
5778,SSQNITEEF,G5778A_15_C,PEPLIST,SSQNITEEF,SSQNITEEF,0.2972,0.9036,HLA-B15:01
5778,SSQNITEEF,G5778A_15_C,PEPLIST,SSQNITEEF,SSQNITEEF,0.1158,0.864,HLA-C03:04
5778,SNQNITEEF,G5778A_15_V,PEPLIST,SNQNITEEF,SNQNITEEF,0.0465,1.9165,HLA-A24:02
5778,SQNITEEFY,G5778A_16_C,PEPLIST,SQNITEEFY,SQNITEEFY,0.2447,0.6447,HLA-A01:01
5778,SQNITEEFY,G5778A_16_C,PEPLIST,SQNITEEFY,SQNITEEFY,0.8344,0.0861,HLA-B15:01
5778,NQNITEEFY,G5778A_16_V,PEPLIST,NQNITEEFY,NQNITEEFY,0.1951,0.7706,HLA-A01:01
5778,NQNITEEFY,G5778A_16_V,PEPLIST,NQNITEEFY,NQNITEEFY,0.4439,0.5605,HLA-B15:01
5778,ASNQNITEEF,G5778A_24_V,PEPLIST,ASNQNITEF,ASNQNITEEF,0.1308,1.8541,HLA-B15:01
5778,SSQNITEEFY,G5778A_25_C,PEPLIST,SSQNITEEY,SSQNITEEFY,0.7535,0.127,HLA-A01:01
5778,SSQNITEEFY,G5778A_25_C,PEPLIST,SQNITEEFY,SSQNITEEFY,0.3212,0.8422,HLA-B15:01
5778,SNQNITEEFY,G5778A_25_V,PEPLIST,SNQNITEFY,SNQNITEEFY,0.1415,0.9934,HLA-A01:01
5778,SNQNITEEFY,G5778A_25_V,PEPLIST,SQNITEEFY,SNQNITEEFY,0.3145,0.859,HLA-B15:01
5778,FASSQNITEEF,G5778A_34_C,PEPLIST,FASSQNITF,FASSQNITEEF,0.0745,1.2045,HLA-C03:04
5778,FASNQNITEEF,G5778A_34_V,PEPLIST,FASNQNITF,FASNQNITEEF,0.0523,1.5054,HLA-C03:04
5778,ASSQNITEEFY,G5778A_35_C,PEPLIST,ASSQTEEFY,ASSQNITEEFY,0.5147,0.2796,HLA-A01:01
5778,ASSQNITEEFY,G5778A_35_C,PEPLIST,AQNITEEFY,ASSQNITEEFY,0.2042,1.3021,HLA-B15:01
5778,ASNQNITEEFY,G5778A_35_V,PEPLIST,ASNQTEEFY,ASNQNITEEFY,0.4747,0.318,HLA-A01:01
5778,ASNQNITEEFY,G5778A_35_V,PEPLIST,AQNITEEFY,ASNQNITEEFY,0.2168,1.234,HLA-B15:01
5778,VLLPVKTSL,G5778A_12_C,PEPLIST,VLLPVKTSL,VLLPVKTSL,0.0648,1.6024,HLA-A24:02
5778,VLLPVKTSL,G5778A_12_C,PEPLIST,VLLPVKTSL,VLLPVKTSL,0.1822,0.9736,HLA-B07:02
5778,VLLPVKTSL,G5778A_12_C,PEPLIST,VLLPVKTSL,VLLPVKTSL,0.2547,1.0661,HLA-B15:01
5778,VLLPVKTSL,G5778A_12_C,PEPLIST,VLLPVKTSL,VLLPVKTSL,0.3634,0.3206,HLA-C03:04
5778,VLLPVKTSL,G5778A_12_C,PEPLIST,VLLPVKTSL,VLLPVKTSL,0.0616,0.8111,HLA-C07:02
5778,VLLPIKTSL,G5778A_12_V,PEPLIST,VLLPIKTSL,VLLPIKTSL,0.0698,1.5403,HLA-A24:02
5778,VLLPIKTSL,G5778A_12_V,PEPLIST,VLLPIKTSL,VLLPIKTSL,0.1681,1.0267,HLA-B07:02
5778,VLLPIKTSL,G5778A_12_V,PEPLIST,VLLPIKTSL,VLLPIKTSL,0.2318,1.1627,HLA-B15:01
5778,VLLPIKTSL,G5778A_12_V,PEPLIST,VLLPIKTSL,VLLPIKTSL,0.3447,0.3405,HLA-C03:04
5778,VLLPIKTSL,G5778A_12_V,PEPLIST,VLLPIKTSL,VLLPIKTSL,0.0712,0.7192,HLA-C07:02
5778,SVLLPVKTSL,G5778A_21_C,PEPLIST,SVLPVKTSL,SVLLPVKTSL,0.1596,1.0654,HLA-B07:02
5778,SVLLPVKTSL,G5778A_21_C,PEPLIST,SVLPVKTSL,SVLLPVKTSL,0.0381,1.8038,HLA-C03:04
5778,SVLLPIKTSL,G5778A_21_V,PEPLIST,SVLLPKTSL,SVLLPIKTSL,0.1512,1.1038,HLA-B07:02
5778,SVLLPIKTSL,G5778A_21_V,PEPLIST,SVLPIKTSL,SVLLPIKTSL,0.0328,1.9741,HLA-C03:04
5778,LPVKTSLKSF,G5778A_24_C,PEPLIST,LPVKTSLSF,LPVKTSLKSF,0.4221,0.49,HLA-B07:02
5778,LPVKTSLKSF,G5778A_24_C,PEPLIST,LVKTSLKSF,LPVKTSLKSF,0.1292,1.8693,HLA-B15:01
5778,LPIKTSLKSF,G5778A_24_V,PEPLIST,LPIKTSLSF,LPIKTSLKSF,0.4646,0.4297,HLA-B07:02
5778,HSVLLPVKTSL,G5778A_31_C,PEPLIST,HSVPVKTSL,HSVLLPVKTSL,0.0453,1.6453,HLA-C03:04
5778,HSVLLPIKTSL,G5778A_31_V,PEPLIST,HSVPIKTSL,HSVLLPIKTSL,0.0391,1.7797,HLA-C03:04
5778,LLPVKTSLKSF,G5778A_34_C,PEPLIST,LLPVKTSLF,LLPVKTSLKSF,0.0451,1.9459,HLA-A24:02
5778,LLPIKTSLKSF,G5778A_34_V,PEPLIST,LLPIKTSLF,LLPIKTSLKSF,0.0457,1.934,HLA-A24:02
5882,TSVITIEL,G5882A_1_C,PEPLIST,TSV-ITIEL,TSVITIEL,0.1042,0.935,HLA-C03:04
5882,TSVITIKL,G5882A_1_V,PEPLIST,TSV-ITIKL,TSVITIKL,0.0373,1.8276,HLA-C03:04
5882,YTSVITIEL,G5882A_9_C,PEPLIST,YTSVITIEL,YTSVITIEL,0.0872,1.4007,HLA-A01:01
5882,YTSVITIEL,G5882A_9_C,PEPLIST,YTSVITIEL,YTSVITIEL,0.8081,0.0525,HLA-C03:04
5882,YTSVITIEL,G5882A_9_C,PEPLIST,YTSVITIEL,YTSVITIEL,0.0518,0.9427,HLA-C07:02
5882,YTSVITIKL,G5882A_9_V,PEPLIST,YTSVITIKL,YTSVITIKL,0.0739,1.5616,HLA-A01:01
5882,YTSVITIKL,G5882A_9_V,PEPLIST,YTSVITIKL,YTSVITIKL,0.5557,0.1698,HLA-C03:04
5882,YTSVITIKL,G5882A_9_V,PEPLIST,YTSVITIKL,YTSVITIKL,0.0358,1.2701,HLA-C07:02
5882,WYTSVITIEL,G5882A_18_C,PEPLIST,WYTSVTIEL,WYTSVITIEL,0.0778,1.4514,HLA-A24:02
5882,WYTSVITIKL,G5882A_18_V,PEPLIST,WYTSVITKL,WYTSVITIKL,0.1181,1.1393,HLA-A24:02
5925,NGTDVKVKL,C5925T_12_V,PEPLIST,NGTDVKVKL,NGTDVKVKL,0.0446,1.6589,HLA-C03:04
6293,NYIDKQLL,A6293G_7_C,PEPLIST,NYIDK-QLL,NYIDKQLL,0.1547,0.9426,HLA-A24:02
6293,NYIDKQLL,A6293G_7_C,PEPLIST,NYIDKQL-L,NYIDKQLL,0.1117,0.4865,HLA-C07:02
6293,DYIDKQLL,A6293G_7_V,PEPLIST,DYIDK-QLL,DYIDKQLL,0.0599,1.6714,HLA-A24:02
6293,DYIDKQLL,A6293G_7_V,PEPLIST,DYIDKQL-L,DYIDKQLL,0.0202,1.9076,HLA-C07:02
6293,TSKVLDLKNY,A6293G_18_C,PEPLIST,TSKVLDLKY,TSKVLDLKNY,0.1618,0.8852,HLA-A01:01
6293,TSKVLDLKDY,A6293G_18_V,PEPLIST,TSKVLDLKY,TSKVLDLKDY,0.1584,0.8977,HLA-A01:01
6293,NYIDKQLLPI,A6293G_26_C,PEPLIST,NYIDKQLLI,NYIDKQLLPI,0.4533,0.3517,HLA-A24:02
6293,DYIDKQLLPI,A6293G_26_V,PEPLIST,DYIDKQLLI,DYIDKQLLPI,0.2525,0.6373,HLA-A24:02
6293,LTSKVLDLKNY,A6293G_28_C,PEPLIST,LTSKVLDLY,LTSKVLDLKNY,0.3065,0.5307,HLA-A01:01
6293,LTSKVLDLKDY,A6293G_28_V,PEPLIST,LTSKVLDLY,LTSKVLDLKDY,0.306,0.5314,HLA-A01:01
6293,NYIDKQLLPIV,A6293G_37_C,PEPLIST,NYIDKQLLV,NYIDKQLLPIV,0.0804,1.4243,HLA-A24:02
6293,NYIDKQLL,A6293G_7_C,PEPLIST,NYIDK-QLL,NYIDKQLL,0.1547,0.9426,HLA-A24:02
6293,NYIDKQLL,A6293G_7_C,PEPLIST,NYIDKQL-L,NYIDKQLL,0.1117,0.4865,HLA-C07:02
6293,NYIDKQLLPI,A6293G_26_C,PEPLIST,NYIDKQLLI,NYIDKQLLPI,0.4533,0.3517,HLA-A24:02
6293,NYIDKQLLPIV,A6293G_37_C,PEPLIST,NYIDKQLLV,NYIDKQLLPIV,0.0804,1.4243,HLA-A24:02
6293,NYIDKQLL,A6293G_7_C,PEPLIST,NYIDK-QLL,NYIDKQLL,0.1547,0.9426,HLA-A24:02
6293,NYIDKQLL,A6293G_7_C,PEPLIST,NYIDKQL-L,NYIDKQLL,0.1117,0.4865,HLA-C07:02
6293,NYIDKQLLPI,A6293G_26_C,PEPLIST,NYIDKQLLI,NYIDKQLLPI,0.4533,0.3517,HLA-A24:02
6293,NYIDKQLLPIV,A6293G_37_C,PEPLIST,NYIDKQLLV,NYIDKQLLPIV,0.0804,1.4243,HLA-A24:02
6293,NYIDKQLL,A6293G_7_C,PEPLIST,NYIDK-QLL,NYIDKQLL,0.1547,0.9426,HLA-A24:02
6293,NYIDKQLL,A6293G_7_C,PEPLIST,NYIDKQL-L,NYIDKQLL,0.1117,0.4865,HLA-C07:02
6293,NYIDKQLLPI,A6293G_26_C,PEPLIST,NYIDKQLLI,NYIDKQLLPI,0.4533,0.3517,HLA-A24:02
6293,NYIDKQLLPIV,A6293G_37_C,PEPLIST,NYIDKQLLV,NYIDKQLLPIV,0.0804,1.4243,HLA-A24:02
6293,NYIDKQLL,A6293G_7_C,PEPLIST,NYIDK-QLL,NYIDKQLL,0.1547,0.9426,HLA-A24:02
6293,NYIDKQLL,A6293G_7_C,PEPLIST,NYIDKQL-L,NYIDKQLL,0.1117,0.4865,HLA-C07:02
6293,NYIDKQLLPI,A6293G_26_C,PEPLIST,NYIDKQLLI,NYIDKQLLPI,0.4533,0.3517,HLA-A24:02
6293,NYIDKQLLPIV,A6293G_37_C,PEPLIST,NYIDKQLLV,NYIDKQLLPIV,0.0804,1.4243,HLA-A24:02
6302,NYIDKQLL,G6302T_4_C,PEPLIST,NYIDK-QLL,NYIDKQLL,0.1547,0.9426,HLA-A24:02
6302,NYIDKQLL,G6302T_4_C,PEPLIST,NYIDKQL-L,NYIDKQLL,0.1117,0.4865,HLA-C07:02
6302,NYIDKQLLPI,G6302T_23_C,PEPLIST,NYIDKQLLI,NYIDKQLLPI,0.4533,0.3517,HLA-A24:02
6302,NYIDKQLLPIV,G6302T_34_C,PEPLIST,NYIDKQLLV,NYIDKQLLPIV,0.0804,1.4243,HLA-A24:02
6302,NYIDKQLL,G6302T_4_C,PEPLIST,NYIDK-QLL,NYIDKQLL,0.1547,0.9426,HLA-A24:02
6302,NYIDKQLL,G6302T_4_C,PEPLIST,NYIDKQL-L,NYIDKQLL,0.1117,0.4865,HLA-C07:02
6302,NYIYKQLL,G6302T_4_V,PEPLIST,NYI-YKQLL,NYIYKQLL,0.0957,1.2856,HLA-A24:02
6302,NYIYKQLL,G6302T_4_V,PEPLIST,NYI-YKQLL,NYIYKQLL,0.0531,0.9204,HLA-C07:02
6302,IYKQLLPI,G6302T_6_V,PEPLIST,IYKQLLP-I,IYKQLLPI,0.0544,1.7674,HLA-A24:02
6302,YIDKQLLPI,G6302T_14_C,PEPLIST,YIDKQLLPI,YIDKQLLPI,0.0339,1.931,HLA-C03:04
6302,YIYKQLLPI,G6302T_14_V,PEPLIST,YIYKQLLPI,YIYKQLLPI,0.0742,1.2075,HLA-C03:04
6302,IYKQLLPIV,G6302T_15_V,PEPLIST,IYKQLLPIV,IYKQLLPIV,0.3718,0.4389,HLA-A24:02
6302,IYKQLLPIV,G6302T_15_V,PEPLIST,IYKQLLPIV,IYKQLLPIV,0.0329,1.3536,HLA-C07:02
6302,NYIDKQLLPI,G6302T_23_C,PEPLIST,NYIDKQLLI,NYIDKQLLPI,0.4533,0.3517,HLA-A24:02
6302,NYIYKQLLPI,G6302T_23_V,PEPLIST,NYIYKQLLI,NYIYKQLLPI,0.0956,1.2866,HLA-A24:02
6302,NYIDKQLLPIV,G6302T_34_C,PEPLIST,NYIDKQLLV,NYIDKQLLPIV,0.0804,1.4243,HLA-A24:02
6302,NYIDKQLL,G6302T_4_C,PEPLIST,NYIDK-QLL,NYIDKQLL,0.1547,0.9426,HLA-A24:02
6302,NYIDKQLL,G6302T_4_C,PEPLIST,NYIDKQL-L,NYIDKQLL,0.1117,0.4865,HLA-C07:02
6302,YIDKQLLPI,G6302T_14_C,PEPLIST,YIDKQLLPI,YIDKQLLPI,0.0339,1.931,HLA-C03:04
6302,NYIDKQLLPI,G6302T_23_C,PEPLIST,NYIDKQLLI,NYIDKQLLPI,0.4533,0.3517,HLA-A24:02
6302,NYIDKQLLPIV,G6302T_34_C,PEPLIST,NYIDKQLLV,NYIDKQLLPIV,0.0804,1.4243,HLA-A24:02
6302,NYIDKQLL,G6302T_4_C,PEPLIST,NYIDK-QLL,NYIDKQLL,0.1547,0.9426,HLA-A24:02
6302,NYIDKQLL,G6302T_4_C,PEPLIST,NYIDKQL-L,NYIDKQLL,0.1117,0.4865,HLA-C07:02
6302,YIDKQLLPI,G6302T_14_C,PEPLIST,YIDKQLLPI,YIDKQLLPI,0.0339,1.931,HLA-C03:04
6302,NYIDKQLLPI,G6302T_23_C,PEPLIST,NYIDKQLLI,NYIDKQLLPI,0.4533,0.3517,HLA-A24:02
6302,NYIDKQLLPIV,G6302T_34_C,PEPLIST,NYIDKQLLV,NYIDKQLLPIV,0.0804,1.4243,HLA-A24:02
6302,NYIDKQLL,G6302T_4_C,PEPLIST,NYIDK-QLL,NYIDKQLL,0.1547,0.9426,HLA-A24:02
6302,NYIDKQLL,G6302T_4_C,PEPLIST,NYIDKQL-L,NYIDKQLL,0.1117,0.4865,HLA-C07:02
6302,YIDKQLLPI,G6302T_14_C,PEPLIST,YIDKQLLPI,YIDKQLLPI,0.0339,1.931,HLA-C03:04
6302,NYIDKQLLPI,G6302T_23_C,PEPLIST,NYIDKQLLI,NYIDKQLLPI,0.4533,0.3517,HLA-A24:02
6302,NYIDKQLLPIV,G6302T_34_C,PEPLIST,NYIDKQLLV,NYIDKQLLPIV,0.0804,1.4243,HLA-A24:02
6305,NYIDKQLL,A6305C_3_C,PEPLIST,NYIDK-QLL,NYIDKQLL,0.1547,0.9426,HLA-A24:02
6305,NYIDKQLL,A6305G_3_C,PEPLIST,NYIDK-QLL,NYIDKQLL,0.1547,0.9426,HLA-A24:02
6305,NYIDKQLL,A6305C_3_C,PEPLIST,NYIDKQL-L,NYIDKQLL,0.1117,0.4865,HLA-C07:02
6305,NYIDKQLL,A6305G_3_C,PEPLIST,NYIDKQL-L,NYIDKQLL,0.1117,0.4865,HLA-C07:02
6305,NYIDKQLLPI,A6305C_22_C,PEPLIST,NYIDKQLLI,NYIDKQLLPI,0.4533,0.3517,HLA-A24:02
6305,NYIDKQLLPI,A6305G_22_C,PEPLIST,NYIDKQLLI,NYIDKQLLPI,0.4533,0.3517,HLA-A24:02
6305,NYIDKQLLPIV,A6305C_33_C,PEPLIST,NYIDKQLLV,NYIDKQLLPIV,0.0804,1.4243,HLA-A24:02
6305,NYIDKQLLPIV,A6305G_33_C,PEPLIST,NYIDKQLLV,NYIDKQLLPIV,0.0804,1.4243,HLA-A24:02
6305,NYIDKQLL,A6305C_3_C,PEPLIST,NYIDK-QLL,NYIDKQLL,0.1547,0.9426,HLA-A24:02
6305,NYIDKQLL,A6305G_3_C,PEPLIST,NYIDK-QLL,NYIDKQLL,0.1547,0.9426,HLA-A24:02
6305,NYIDKQLL,A6305C_3_C,PEPLIST,NYIDKQL-L,NYIDKQLL,0.1117,0.4865,HLA-C07:02
6305,NYIDKQLL,A6305G_3_C,PEPLIST,NYIDKQL-L,NYIDKQLL,0.1117,0.4865,HLA-C07:02
6305,YIDKQLLPI,A6305C_13_C,PEPLIST,YIDKQLLPI,YIDKQLLPI,0.0339,1.931,HLA-C03:04
6305,YIDKQLLPI,A6305G_13_C,PEPLIST,YIDKQLLPI,YIDKQLLPI,0.0339,1.931,HLA-C03:04
6305,NYIDKQLLPI,A6305C_22_C,PEPLIST,NYIDKQLLI,NYIDKQLLPI,0.4533,0.3517,HLA-A24:02
6305,NYIDKQLLPI,A6305G_22_C,PEPLIST,NYIDKQLLI,NYIDKQLLPI,0.4533,0.3517,HLA-A24:02
6305,NYIDKQLLPIV,A6305C_33_C,PEPLIST,NYIDKQLLV,NYIDKQLLPIV,0.0804,1.4243,HLA-A24:02
6305,NYIDKQLLPIV,A6305G_33_C,PEPLIST,NYIDKQLLV,NYIDKQLLPIV,0.0804,1.4243,HLA-A24:02
6305,NYIDKQLL,A6305C_3_C,PEPLIST,NYIDK-QLL,NYIDKQLL,0.1547,0.9426,HLA-A24:02
6305,NYIDKQLL,A6305G_3_C,PEPLIST,NYIDK-QLL,NYIDKQLL,0.1547,0.9426,HLA-A24:02
6305,NYIDKQLL,A6305C_3_C,PEPLIST,NYIDKQL-L,NYIDKQLL,0.1117,0.4865,HLA-C07:02
6305,NYIDKQLL,A6305G_3_C,PEPLIST,NYIDKQL-L,NYIDKQLL,0.1117,0.4865,HLA-C07:02
6305,NYIDQQLL,A6305C_3_V,PEPLIST,NYID-QQLL,NYIDQQLL,0.1589,0.923,HLA-A24:02
6305,NYIDQQLL,A6305C_3_V,PEPLIST,NYID-QQLL,NYIDQQLL,0.0933,0.569,HLA-C07:02
6305,YIDKQLLPI,A6305C_13_C,PEPLIST,YIDKQLLPI,YIDKQLLPI,0.0339,1.931,HLA-C03:04
6305,YIDKQLLPI,A6305G_13_C,PEPLIST,YIDKQLLPI,YIDKQLLPI,0.0339,1.931,HLA-C03:04
6305,YIDQQLLPI,A6305C_13_V,PEPLIST,YIDQQLLPI,YIDQQLLPI,0.0494,1.9907,HLA-A01:01
6305,YIDQQLLPI,A6305C_13_V,PEPLIST,YIDQQLLPI,YIDQQLLPI,0.0461,1.6303,HLA-C03:04
6305,NYIDKQLLPI,A6305C_22_C,PEPLIST,NYIDKQLLI,NYIDKQLLPI,0.4533,0.3517,HLA-A24:02
6305,NYIDKQLLPI,A6305G_22_C,PEPLIST,NYIDKQLLI,NYIDKQLLPI,0.4533,0.3517,HLA-A24:02
6305,NYIDQQLLPI,A6305C_22_V,PEPLIST,NYIDQQLLI,NYIDQQLLPI,0.3836,0.4236,HLA-A24:02
6305,NYIDKQLLPIV,A6305C_33_C,PEPLIST,NYIDKQLLV,NYIDKQLLPIV,0.0804,1.4243,HLA-A24:02
6305,NYIDKQLLPIV,A6305G_33_C,PEPLIST,NYIDKQLLV,NYIDKQLLPIV,0.0804,1.4243,HLA-A24:02
6305,NYIDQQLLPIV,A6305C_33_V,PEPLIST,NYIDQQLLV,NYIDQQLLPIV,0.0653,1.5953,HLA-A24:02
6305,NYIDKQLL,A6305C_3_C,PEPLIST,NYIDK-QLL,NYIDKQLL,0.1547,0.9426,HLA-A24:02
6305,NYIDKQLL,A6305G_3_C,PEPLIST,NYIDK-QLL,NYIDKQLL,0.1547,0.9426,HLA-A24:02
6305,NYIDKQLL,A6305C_3_C,PEPLIST,NYIDKQL-L,NYIDKQLL,0.1117,0.4865,HLA-C07:02
6305,NYIDKQLL,A6305G_3_C,PEPLIST,NYIDKQL-L,NYIDKQLL,0.1117,0.4865,HLA-C07:02
6305,NYIDEQLL,A6305G_3_V,PEPLIST,NYIDE-QLL,NYIDEQLL,0.1057,1.2139,HLA-A24:02
6305,NYIDEQLL,A6305G_3_V,PEPLIST,NYIDE-QLL,NYIDEQLL,0.0542,0.902,HLA-C07:02
6305,YIDKQLLPI,A6305C_13_C,PEPLIST,YIDKQLLPI,YIDKQLLPI,0.0339,1.931,HLA-C03:04
6305,YIDKQLLPI,A6305G_13_C,PEPLIST,YIDKQLLPI,YIDKQLLPI,0.0339,1.931,HLA-C03:04
6305,YIDEQLLPI,A6305G_13_V,PEPLIST,YIDEQLLPI,YIDEQLLPI,0.0873,1.4002,HLA-A01:01
6305,YIDEQLLPI,A6305G_13_V,PEPLIST,YIDEQLLPI,YIDEQLLPI,0.0997,0.9686,HLA-C03:04
6305,NYIDKQLLPI,A6305C_22_C,PEPLIST,NYIDKQLLI,NYIDKQLLPI,0.4533,0.3517,HLA-A24:02
6305,NYIDKQLLPI,A6305G_22_C,PEPLIST,NYIDKQLLI,NYIDKQLLPI,0.4533,0.3517,HLA-A24:02
6305,NYIDEQLLPI,A6305G_22_V,PEPLIST,NYIDEQLLI,NYIDEQLLPI,0.3459,0.4727,HLA-A24:02
6305,NYIDKQLLPIV,A6305C_33_C,PEPLIST,NYIDKQLLV,NYIDKQLLPIV,0.0804,1.4243,HLA-A24:02
6305,NYIDKQLLPIV,A6305G_33_C,PEPLIST,NYIDKQLLV,NYIDKQLLPIV,0.0804,1.4243,HLA-A24:02
6305,NYIDEQLLPIV,A6305G_33_V,PEPLIST,NYIDEQLLV,NYIDEQLLPIV,0.0598,1.6731,HLA-A24:02
6305,NYIDKQLL,A6305C_3_C,PEPLIST,NYIDK-QLL,NYIDKQLL,0.1547,0.9426,HLA-A24:02
6305,NYIDKQLL,A6305G_3_C,PEPLIST,NYIDK-QLL,NYIDKQLL,0.1547,0.9426,HLA-A24:02
6305,NYIDKQLL,A6305C_3_C,PEPLIST,NYIDKQL-L,NYIDKQLL,0.1117,0.4865,HLA-C07:02
6305,NYIDKQLL,A6305G_3_C,PEPLIST,NYIDKQL-L,NYIDKQLL,0.1117,0.4865,HLA-C07:02
6305,YIDKQLLPI,A6305C_13_C,PEPLIST,YIDKQLLPI,YIDKQLLPI,0.0339,1.931,HLA-C03:04
6305,YIDKQLLPI,A6305G_13_C,PEPLIST,YIDKQLLPI,YIDKQLLPI,0.0339,1.931,HLA-C03:04
6305,NYIDKQLLPI,A6305C_22_C,PEPLIST,NYIDKQLLI,NYIDKQLLPI,0.4533,0.3517,HLA-A24:02
6305,NYIDKQLLPI,A6305G_22_C,PEPLIST,NYIDKQLLI,NYIDKQLLPI,0.4533,0.3517,HLA-A24:02
6305,NYIDKQLLPIV,A6305C_33_C,PEPLIST,NYIDKQLLV,NYIDKQLLPIV,0.0804,1.4243,HLA-A24:02
6305,NYIDKQLLPIV,A6305G_33_C,PEPLIST,NYIDKQLLV,NYIDKQLLPIV,0.0804,1.4243,HLA-A24:02
6306,NYIDKQLL,A6306G_3_C,PEPLIST,NYIDK-QLL,NYIDKQLL,0.1547,0.9426,HLA-A24:02
6306,NYIDKQLL,A6306G_3_C,PEPLIST,NYIDKQL-L,NYIDKQLL,0.1117,0.4865,HLA-C07:02
6306,NYIDKQLLPI,A6306G_22_C,PEPLIST,NYIDKQLLI,NYIDKQLLPI,0.4533,0.3517,HLA-A24:02
6306,NYIDKQLLPIV,A6306G_33_C,PEPLIST,NYIDKQLLV,NYIDKQLLPIV,0.0804,1.4243,HLA-A24:02
6306,NYIDKQLL,A6306G_3_C,PEPLIST,NYIDK-QLL,NYIDKQLL,0.1547,0.9426,HLA-A24:02
6306,NYIDKQLL,A6306G_3_C,PEPLIST,NYIDKQL-L,NYIDKQLL,0.1117,0.4865,HLA-C07:02
6306,YIDKQLLPI,A6306G_13_C,PEPLIST,YIDKQLLPI,YIDKQLLPI,0.0339,1.931,HLA-C03:04
6306,NYIDKQLLPI,A6306G_22_C,PEPLIST,NYIDKQLLI,NYIDKQLLPI,0.4533,0.3517,HLA-A24:02
6306,NYIDKQLLPIV,A6306G_33_C,PEPLIST,NYIDKQLLV,NYIDKQLLPIV,0.0804,1.4243,HLA-A24:02
6306,NYIDKQLL,A6306G_3_C,PEPLIST,NYIDK-QLL,NYIDKQLL,0.1547,0.9426,HLA-A24:02
6306,NYIDKQLL,A6306G_3_C,PEPLIST,NYIDKQL-L,NYIDKQLL,0.1117,0.4865,HLA-C07:02
6306,YIDKQLLPI,A6306G_13_C,PEPLIST,YIDKQLLPI,YIDKQLLPI,0.0339,1.931,HLA-C03:04
6306,NYIDKQLLPI,A6306G_22_C,PEPLIST,NYIDKQLLI,NYIDKQLLPI,0.4533,0.3517,HLA-A24:02
6306,NYIDKQLLPIV,A6306G_33_C,PEPLIST,NYIDKQLLV,NYIDKQLLPIV,0.0804,1.4243,HLA-A24:02
6306,NYIDKQLL,A6306G_3_C,PEPLIST,NYIDK-QLL,NYIDKQLL,0.1547,0.9426,HLA-A24:02
6306,NYIDKQLL,A6306G_3_C,PEPLIST,NYIDKQL-L,NYIDKQLL,0.1117,0.4865,HLA-C07:02
6306,YIDKQLLPI,A6306G_13_C,PEPLIST,YIDKQLLPI,YIDKQLLPI,0.0339,1.931,HLA-C03:04
6306,NYIDKQLLPI,A6306G_22_C,PEPLIST,NYIDKQLLI,NYIDKQLLPI,0.4533,0.3517,HLA-A24:02
6306,NYIDKQLLPIV,A6306G_33_C,PEPLIST,NYIDKQLLV,NYIDKQLLPIV,0.0804,1.4243,HLA-A24:02
6306,NYIDKQLL,A6306G_3_C,PEPLIST,NYIDK-QLL,NYIDKQLL,0.1547,0.9426,HLA-A24:02
6306,NYIDKQLL,A6306G_3_C,PEPLIST,NYIDKQL-L,NYIDKQLL,0.1117,0.4865,HLA-C07:02
6306,NYIDRQLL,A6306G_3_V,PEPLIST,NYIDR-QLL,NYIDRQLL,0.12,1.1287,HLA-A24:02
6306,NYIDRQLL,A6306G_3_V,PEPLIST,NYIDR-QLL,NYIDRQLL,0.1125,0.4844,HLA-C07:02
6306,YIDKQLLPI,A6306G_13_C,PEPLIST,YIDKQLLPI,YIDKQLLPI,0.0339,1.931,HLA-C03:04
6306,NYIDKQLLPI,A6306G_22_C,PEPLIST,NYIDKQLLI,NYIDKQLLPI,0.4533,0.3517,HLA-A24:02
6306,NYIDRQLLPI,A6306G_22_V,PEPLIST,NYIDRQLLI,NYIDRQLLPI,0.3164,0.5155,HLA-A24:02
6306,NYIDKQLLPIV,A6306G_33_C,PEPLIST,NYIDKQLLV,NYIDKQLLPIV,0.0804,1.4243,HLA-A24:02
6306,NYIDRQLLPIV,A6306G_33_V,PEPLIST,NYIDRQLLV,NYIDRQLLPIV,0.0453,1.9409,HLA-A24:02
6378,EFQQKNNRL,A6378G_13_C,PEPLIST,EFQQKNNRL,EFQQKNNRL,0.0692,1.5473,HLA-A24:02
6378,EFQRKNNRL,A6378G_13_V,PEPLIST,EFQRKNNRL,EFQRKNNRL,0.0496,1.857,HLA-A24:02
6378,FQQKNNRLL,A6378G_14_C,PEPLIST,FQQKNNRLL,FQQKNNRLL,0.2339,1.1535,HLA-B15:01
6378,FQQKNNRLL,A6378G_14_C,PEPLIST,FQQKNNRLL,FQQKNNRLL,0.2192,0.515,HLA-C03:04
6378,FQQKNNRLL,A6378G_14_C,PEPLIST,FQQKNNRLL,FQQKNNRLL,0.0404,1.1556,HLA-C07:02
6378,FQRKNNRLL,A6378G_14_V,PEPLIST,FQRKNNRLL,FQRKNNRLL,0.3757,0.7078,HLA-B15:01
6378,FQRKNNRLL,A6378G_14_V,PEPLIST,FQRKNNRLL,FQRKNNRLL,0.1199,0.8428,HLA-C03:04
6378,FQRKNNRLL,A6378G_14_V,PEPLIST,FQRKNNRLL,FQRKNNRLL,0.0417,1.1239,HLA-C07:02
6450,VTTPVSTY,C6450A_1_C,PEPLIST,VTTPV-STY,VTTPVSTY,0.2795,0.5762,HLA-A01:01
6450,VTTPVSTY,C6450A_1_C,PEPLIST,VTT-PVSTY,VTTPVSTY,0.1963,1.3522,HLA-B15:01
6450,VTTPVSNY,C6450A_1_V,PEPLIST,VTTPVSN-Y,VTTPVSNY,0.2008,0.7539,HLA-A01:01
6450,TPVSTYML,C6450A_3_C,PEPLIST,TPV-STYML,TPVSTYML,0.1936,0.9372,HLA-B07:02
6450,TPVSNYML,C6450A_3_V,PEPLIST,TPV-SNYML,TPVSNYML,0.1223,1.2719,HLA-B07:02
6450,GVTTPVSTY,C6450A_9_C,PEPLIST,GVTTPVSTY,GVTTPVSTY,0.2272,0.6822,HLA-A01:01
6450,GVTTPVSTY,C6450A_9_C,PEPLIST,GVTTPVSTY,GVTTPVSTY,0.8321,0.0875,HLA-B15:01
6450,GVTTPVSTY,C6450A_9_C,PEPLIST,GVTTPVSTY,GVTTPVSTY,0.02,1.9203,HLA-C07:02
6450,GVTTPVSNY,C6450A_9_V,PEPLIST,GVTTPVSNY,GVTTPVSNY,0.1547,0.9176,HLA-A01:01
6450,GVTTPVSNY,C6450A_9_V,PEPLIST,GVTTPVSNY,GVTTPVSNY,0.6285,0.2869,HLA-B15:01
6450,VTTPVSTYM,C6450A_10_C,PEPLIST,VTTPVSTYM,VTTPVSTYM,0.1315,1.0582,HLA-A01:01
6450,VTTPVSTYM,C6450A_10_C,PEPLIST,VTTPVSTYM,VTTPVSTYM,0.6321,0.1241,HLA-C03:04
6450,VTTPVSTYM,C6450A_10_C,PEPLIST,VTTPVSTYM,VTTPVSTYM,0.0399,1.1668,HLA-C07:02
6450,VTTPVSNYM,C6450A_10_V,PEPLIST,VTTPVSNYM,VTTPVSNYM,0.1161,1.1668,HLA-A01:01
6450,VTTPVSNYM,C6450A_10_V,PEPLIST,VTTPVSNYM,VTTPVSNYM,0.5168,0.2001,HLA-C03:04
6450,VTTPVSNYM,C6450A_10_V,PEPLIST,VTTPVSNYM,VTTPVSNYM,0.0269,1.5626,HLA-C07:02
6450,TTPVSTYML,C6450A_11_C,PEPLIST,TTPVSTYML,TTPVSTYML,0.0612,1.6531,HLA-A24:02
6450,TYMLTNSEL,C6450A_16_C,PEPLIST,TYMLTNSEL,TYMLTNSEL,0.6735,0.1784,HLA-A24:02
6450,TYMLTNSEL,C6450A_16_C,PEPLIST,TYMLTNSEL,TYMLTNSEL,0.2655,0.1963,HLA-C07:02
6450,NYMLTNSEL,C6450A_16_V,PEPLIST,NYMLTNSEL,NYMLTNSEL,0.4877,0.3196,HLA-A24:02
6450,NYMLTNSEL,C6450A_16_V,PEPLIST,NYMLTNSEL,NYMLTNSEL,0.2407,0.2211,HLA-C07:02
6450,AGVTTPVSTY,C6450A_18_C,PEPLIST,AVTTPVSTY,AGVTTPVSTY,0.1116,1.2005,HLA-A01:01
6450,AGVTTPVSTY,C6450A_18_C,PEPLIST,AVTTPVSTY,AGVTTPVSTY,0.5866,0.3364,HLA-B15:01
6450,AGVTTPVSNY,C6450A_18_V,PEPLIST,AVTTPVSNY,AGVTTPVSNY,0.0696,1.6195,HLA-A01:01
6450,AGVTTPVSNY,C6450A_18_V,PEPLIST,AVTTPVSNY,AGVTTPVSNY,0.3059,0.8805,HLA-B15:01
6450,VTTPVSTYML,C6450A_20_C,PEPLIST,VTTPVSTYL,VTTPVSTYML,0.0327,1.9757,HLA-C03:04
6450,STYMLTNSEL,C6450A_25_C,PEPLIST,SYMLTNSEL,STYMLTNSEL,0.1201,1.1278,HLA-A24:02
6450,SNYMLTNSEL,C6450A_25_V,PEPLIST,SYMLTNSEL,SNYMLTNSEL,0.1201,1.1278,HLA-A24:02
6450,TYMLTNSELL,C6450A_26_C,PEPLIST,TYMTNSELL,TYMLTNSELL,0.4393,0.3648,HLA-A24:02
6450,NYMLTNSELL,C6450A_26_V,PEPLIST,NYMTNSELL,NYMLTNSELL,0.2686,0.6036,HLA-A24:02
6450,NAGVTTPVSTY,C6450A_28_C,PEPLIST,NATTPVSTY,NAGVTTPVSTY,0.0786,1.5013,HLA-A01:01
6450,VSTYMLTNSEL,C6450A_35_C,PEPLIST,VYMLTNSEL,VSTYMLTNSEL,0.1059,1.2122,HLA-A24:02
6450,VSNYMLTNSEL,C6450A_35_V,PEPLIST,VYMLTNSEL,VSNYMLTNSEL,0.1059,1.2122,HLA-A24:02
6507,ITIDQKKL,A6507T_5_V,PEPLIST,ITIDQ-KKL,ITIDQKKL,0.0478,1.5973,HLA-C03:04
6507,ITNDQKKLM,A6507T_14_C,PEPLIST,ITNDQKKLM,ITNDQKKLM,0.1336,0.7768,HLA-C03:04
6507,ITIDQKKLM,A6507T_14_V,PEPLIST,ITIDQKKLM,ITIDQKKLM,0.2182,0.5173,HLA-C03:04
6507,MPITNDQKKL,A6507T_22_C,PEPLIST,MPITNQKKL,MPITNDQKKL,0.1935,0.9374,HLA-B07:02
6507,MPITIDQKKL,A6507T_22_V,PEPLIST,MPITIQKKL,MPITIDQKKL,0.193,0.9391,HLA-B07:02
6507,MPITNDQKKLM,A6507T_33_C,PEPLIST,MPNDQKKLM,MPITNDQKKLM,0.1562,1.081,HLA-B07:02
6507,MPITIDQKKLM,A6507T_33_V,PEPLIST,MPIDQKKLM,MPITIDQKKLM,0.1056,1.4081,HLA-B07:02
6507,ITNDQKKLM,A6507T_14_C,PEPLIST,ITNDQKKLM,ITNDQKKLM,0.1336,0.7768,HLA-C03:04
6507,MPITNDQKKL,A6507T_22_C,PEPLIST,MPITNQKKL,MPITNDQKKL,0.1935,0.9374,HLA-B07:02
6507,MPITNDQKKLM,A6507T_33_C,PEPLIST,MPNDQKKLM,MPITNDQKKLM,0.1562,1.081,HLA-B07:02
6518,ITNDQKKLM,A6518G_10_C,PEPLIST,ITNDQKKLM,ITNDQKKLM,0.1336,0.7768,HLA-C03:04
6518,MPITNDQKKL,A6518G_18_C,PEPLIST,MPITNQKKL,MPITNDQKKL,0.1935,0.9374,HLA-B07:02
6518,MPITNDQKKLM,A6518G_29_C,PEPLIST,MPNDQKKLM,MPITNDQKKLM,0.1562,1.081,HLA-B07:02
6518,ITNDQKEL,A6518G_1_V,PEPLIST,ITND-QKEL,ITNDQKEL,0.0875,1.0736,HLA-C03:04
6518,ITNDQKKLM,A6518G_10_C,PEPLIST,ITNDQKKLM,ITNDQKKLM,0.1336,0.7768,HLA-C03:04
6518,ITNDQKELM,A6518G_10_V,PEPLIST,ITNDQKELM,ITNDQKELM,0.0968,1.3133,HLA-A01:01
6518,ITNDQKELM,A6518G_10_V,PEPLIST,ITNDQKELM,ITNDQKELM,0.1619,0.6672,HLA-C03:04
6518,MPITNDQKKL,A6518G_18_C,PEPLIST,MPITNQKKL,MPITNDQKKL,0.1935,0.9374,HLA-B07:02
6518,MPITNDQKEL,A6518G_18_V,PEPLIST,MPITNQKEL,MPITNDQKEL,0.292,0.7009,HLA-B07:02
6518,MPITNDQKKLM,A6518G_29_C,PEPLIST,MPNDQKKLM,MPITNDQKKLM,0.1562,1.081,HLA-B07:02
6518,MPITNDQKELM,A6518G_29_V,PEPLIST,MPNDQKELM,MPITNDQKELM,0.1037,1.4247,HLA-B07:02
6530,SNVQIVRQQSY,A6530C_37_C,PEPLIST,SQIVRQQSY,SNVQIVRQQSY,0.6914,0.2216,HLA-B15:01
6530,RNVQIVRQQSY,A6530C_37_V,PEPLIST,RQIVRQQSY,RNVQIVRQQSY,0.7297,0.1742,HLA-B15:01
6530,SNVQIVRQQSY,A6530C_37_C,PEPLIST,SQIVRQQSY,SNVQIVRQQSY,0.6914,0.2216,HLA-B15:01
6548,SNVQIVRQQSY,A6548T_31_C,PEPLIST,SQIVRQQSY,SNVQIVRQQSY,0.6914,0.2216,HLA-B15:01
6548,QIVRQQSY,A6548T_4_C,PEPLIST,-QIVRQQSY,QIVRQQSY,0.2142,1.2477,HLA-B15:01
6548,VQIVRQQSY,A6548T_12_C,PEPLIST,VQIVRQQSY,VQIVRQQSY,0.0825,1.4556,HLA-A01:01
6548,VQIVRQQSY,A6548T_12_C,PEPLIST,VQIVRQQSY,VQIVRQQSY,0.9823,0.0049,HLA-B15:01
6548,VQIVRQQSY,A6548T_12_C,PEPLIST,VQIVRQQSY,VQIVRQQSY,0.1043,0.5133,HLA-C07:02
6548,IVRQQSYSI,A6548T_14_C,PEPLIST,IVRQQSYSI,IVRQQSYSI,0.2126,0.8823,HLA-B07:02
6548,VRQQSYSIM,A6548T_15_C,PEPLIST,VRQQSYSIM,VRQQSYSIM,0.2075,0.2604,HLA-C07:02
6548,NVQIVRQQSY,A6548T_21_C,PEPLIST,NVQIVQQSY,NVQIVRQQSY,0.1024,1.2686,HLA-A01:01
6548,NVQIVRQQSY,A6548T_21_C,PEPLIST,NQIVRQQSY,NVQIVRQQSY,0.477,0.4982,HLA-B15:01
6548,VQIVRQQSYS,A6548T_22_C,PEPLIST,VQIVRQQSY,VQIVRQQSY,0.206,1.2922,HLA-B15:01
6548,SNVQIVRQQSY,A6548T_31_C,PEPLIST,SQIVRQQSY,SNVQIVRQQSY,0.6914,0.2216,HLA-B15:01
6851,NIDIFNPKY,A6851G_16_C,PEPLIST,NIDIFNPKY,NIDIFNPKY,0.88,0.0654,HLA-A01:01
6851,DIDIFNPKY,A6851G_16_V,PEPLIST,DIDIFNPKY,DIDIFNPKY,0.8176,0.0893,HLA-A01:01
6851,CNIDIFNPKY,A6851G_25_C,PEPLIST,CIDIFNPKY,CNIDIFNPKY,0.2086,0.7307,HLA-A01:01
6851,CDIDIFNPKY,A6851G_25_V,PEPLIST,CIDIFNPKY,CDIDIFNPKY,0.2163,0.7079,HLA-A01:01
6851,LCNIDIFNPKY,A6851G_35_C,PEPLIST,LIDIFNPKY,LCNIDIFNPKY,0.178,0.8261,HLA-A01:01
6851,LCDIDIFNPKY,A6851G_35_V,PEPLIST,LIDIFNPKY,LCDIDIFNPKY,0.233,0.6697,HLA-A01:01
8102,SPADVLKKT,T8102C_16_V,PEPLIST,SPADVLKKT,SPADVLKKT,0.1362,1.1782,HLA-B07:02
8102,LPADVLKKTI,T8102C_26_C,PEPLIST,LPADVKKTI,LPADVLKKTI,0.2132,0.8808,HLA-B07:02
8102,SPADVLKKTI,T8102C_26_V,PEPLIST,SPADVKKTI,SPADVLKKTI,0.5131,0.3715,HLA-B07:02
8102,LPADVLKKTI,T8102C_26_C,PEPLIST,LPADVKKTI,LPADVLKKTI,0.2132,0.8808,HLA-B07:02
8113,LPADVLKKTI,G8113T_22_C,PEPLIST,LPADVKKTI,LPADVLKKTI,0.2132,0.8808,HLA-B07:02
8113,LPADVLKKTI,G8113T_22_C,PEPLIST,LPADVKKTI,LPADVLKKTI,0.2132,0.8808,HLA-B07:02
8113,LPADLLKKTI,G8113T_22_V,PEPLIST,LPADLKKTI,LPADLLKKTI,0.1792,0.983,HLA-B07:02
8268,ITSNCRVTM,C8268T_15_C,PEPLIST,ITSNCRVTM,ITSNCRVTM,0.1643,0.6593,HLA-C03:04
8268,IISNCRVTM,C8268T_15_V,PEPLIST,IISNCRVTM,IISNCRVTM,0.0773,1.6956,HLA-B07:02
8268,IISNCRVTM,C8268T_15_V,PEPLIST,IISNCRVTM,IISNCRVTM,0.0613,1.3672,HLA-C03:04
8268,TSNCRVTMY,C8268T_16_C,PEPLIST,TSNCRVTMY,TSNCRVTMY,0.5624,0.24,HLA-A01:01
8268,TSNCRVTMY,C8268T_16_C,PEPLIST,TSNCRVTMY,TSNCRVTMY,0.1576,1.6132,HLA-B15:01
8268,ISNCRVTMY,C8268T_16_V,PEPLIST,ISNCRVTMY,ISNCRVTMY,0.4623,0.3303,HLA-A01:01
8268,ISNCRVTMY,C8268T_16_V,PEPLIST,ISNCRVTMY,ISNCRVTMY,0.2341,1.1527,HLA-B15:01
8268,ITSNCRVTMY,C8268T_25_C,PEPLIST,ITSNRVTMY,ITSNCRVTMY,0.4011,0.391,HLA-A01:01
8268,IISNCRVTMY,C8268T_25_V,PEPLIST,IISNRVTMY,IISNCRVTMY,0.0749,1.5484,HLA-A01:01
8268,IISNCRVTMY,C8268T_25_V,PEPLIST,IISNRVTMY,IISNCRVTMY,0.1416,1.7502,HLA-B15:01
8305,MYNQKNTL,C8305A_2_C,PEPLIST,MYNQK-NTL,MYNQKNTL,0.1468,0.9796,HLA-A24:02
8305,MYNQKNTL,C8305A_2_C,PEPLIST,MYNQK-NTL,MYNQKNTL,0.1167,0.4726,HLA-C07:02
8305,MYNQKKTL,C8305A_2_V,PEPLIST,MYNQKK-TL,MYNQKKTL,0.0754,1.4753,HLA-A24:02
8305,MYNQKKTL,C8305A_2_V,PEPLIST,MYNQKK-TL,MYNQKKTL,0.0721,0.7107,HLA-C07:02
8305,TMYNQKNTL,C8305A_10_C,PEPLIST,TMYNQKNTL,TMYNQKNTL,0.2851,0.9484,HLA-B15:01
8305,TMYNQKNTL,C8305A_10_C,PEPLIST,TMYNQKNTL,TMYNQKNTL,0.2038,0.5506,HLA-C03:04
8305,TMYNQKNTL,C8305A_10_C,PEPLIST,TMYNQKNTL,TMYNQKNTL,0.0504,0.9671,HLA-C07:02
8305,TMYNQKKTL,C8305A_10_V,PEPLIST,TMYNQKKTL,TMYNQKKTL,0.1926,1.3751,HLA-B15:01
8305,TMYNQKKTL,C8305A_10_V,PEPLIST,TMYNQKKTL,TMYNQKKTL,0.1444,0.7314,HLA-C03:04
8305,TMYNQKKTL,C8305A_10_V,PEPLIST,TMYNQKKTL,TMYNQKKTL,0.0465,1.034,HLA-C07:02
8305,MYNQKNTLY,C8305A_11_C,PEPLIST,MYNQKNTLY,MYNQKNTLY,0.1196,1.1407,HLA-A01:01
8305,MYNQKNTLY,C8305A_11_C,PEPLIST,MYNQKNTLY,MYNQKNTLY,0.2732,0.5946,HLA-A24:02
8305,MYNQKNTLY,C8305A_11_C,PEPLIST,MYNQKNTLY,MYNQKNTLY,0.1297,1.8642,HLA-B15:01
8305,MYNQKNTLY,C8305A_11_C,PEPLIST,MYNQKNTLY,MYNQKNTLY,0.5112,0.0713,HLA-C07:02
8305,MYNQKKTLY,C8305A_11_V,PEPLIST,MYNQKKTLY,MYNQKKTLY,0.0655,1.6782,HLA-A01:01
8305,MYNQKKTLY,C8305A_11_V,PEPLIST,MYNQKKTLY,MYNQKKTLY,0.2206,0.7061,HLA-A24:02
8305,MYNQKKTLY,C8305A_11_V,PEPLIST,MYNQKKTLY,MYNQKKTLY,0.4599,0.0877,HLA-C07:02
8305,TMYNQKNTLY,C8305A_20_C,PEPLIST,TMNQKNTLY,TMYNQKNTLY,0.2933,0.5529,HLA-A01:01
8305,TMYNQKNTLY,C8305A_20_C,PEPLIST,TMYNQKNTY,TMYNQKNTLY,0.7647,0.1467,HLA-B15:01
8305,TMYNQKNTLY,C8305A_20_C,PEPLIST,TYNQKNTLY,TMYNQKNTLY,0.0239,1.6926,HLA-C07:02
8305,TMYNQKKTLY,C8305A_20_V,PEPLIST,TMNQKKTLY,TMYNQKKTLY,0.1471,0.9613,HLA-A01:01
8305,TMYNQKKTLY,C8305A_20_V,PEPLIST,TMYQKKTLY,TMYNQKKTLY,0.629,0.2864,HLA-B15:01
8305,MYNQKNTLYI,C8305A_21_C,PEPLIST,MYQKNTLYI,MYNQKNTLYI,0.2309,0.6826,HLA-A24:02
8305,MYNQKKTLYI,C8305A_21_V,PEPLIST,MYQKKTLYI,MYNQKKTLYI,0.2142,0.7252,HLA-A24:02
8305,VTMYNQKNTLY,C8305A_30_C,PEPLIST,VTNQKNTLY,VTMYNQKNTLY,0.5689,0.2359,HLA-A01:01
8305,VTMYNQKNTLY,C8305A_30_C,PEPLIST,VTMQKNTLY,VTMYNQKNTLY,0.1222,1.9445,HLA-B15:01
8305,VTMYNQKKTLY,C8305A_30_V,PEPLIST,VTMYNQTLY,VTMYNQKKTLY,0.376,0.4239,HLA-A01:01
9416,NTLNKSLGL,A9416G_16_C,PEPLIST,NTLNKSLGL,NTLNKSLGL,0.0493,1.5676,HLA-C03:04
9416,TWISNCLNTL,A9416G_19_C,PEPLIST,TWISNLNTL,TWISNCLNTL,0.1764,0.8504,HLA-A24:02
9416,TWISNCLDTL,A9416G_19_V,PEPLIST,TWISNLDTL,TWISNCLDTL,0.0797,1.4321,HLA-A24:02
9650,AANKAQKNL,G9650A_12_C,PEPLIST,AANKAQKNL,AANKAQKNL,0.0756,1.7235,HLA-B07:02
9650,AANKAQKNL,G9650A_12_C,PEPLIST,AANKAQKNL,AANKAQKNL,0.3012,0.3864,HLA-C03:04
9650,AANKTQKNL,G9650A_12_V,PEPLIST,AANKTQKNL,AANKTQKNL,0.076,1.7171,HLA-B07:02
9650,AANKTQKNL,G9650A_12_V,PEPLIST,AANKTQKNL,AANKTQKNL,0.3027,0.3848,HLA-C03:04
9650,AQKNLLSRV,G9650A_16_C,PEPLIST,AQKNLLSRV,AQKNLLSRV,0.1815,1.4445,HLA-B15:01
9650,ITDAANKAQK,G9650A_19_C,PEPLIST,ITDAANAQK,ITDAANKAQK,0.0579,1.8125,HLA-A01:01
9650,ITDAANKTQK,G9650A_19_V,PEPLIST,ITDAANTQK,ITDAANKTQK,0.0755,1.5406,HLA-A01:01
10116,RFYREFQL,G10116A_1_V,PEPLIST,RFYRE-FQL,RFYREFQL,0.0511,1.8286,HLA-A24:02
10116,LRFYREFRL,G10116A_9_C,PEPLIST,LRFYREFRL,LRFYREFRL,0.1679,0.3384,HLA-C07:02
10116,LRFYREFQL,G10116A_9_V,PEPLIST,LRFYREFQL,LRFYREFQL,0.3008,0.1701,HLA-C07:02
10116,FYREFQLPK,G10116A_11_V,PEPLIST,FYREFQLPK,FYREFQLPK,0.0194,1.9667,HLA-C07:02
10116,FRLPKKVDL,G10116A_15_C,PEPLIST,FRLPKKVDL,FRLPKKVDL,0.5887,0.0464,HLA-C07:02
10116,FQLPKKVDL,G10116A_15_V,PEPLIST,FQLPKKVDL,FQLPKKVDL,0.1869,1.411,HLA-B15:01
10116,FQLPKKVDL,G10116A_15_V,PEPLIST,FQLPKKVDL,FQLPKKVDL,0.1931,0.5755,HLA-C03:04
10116,FQLPKKVDL,G10116A_15_V,PEPLIST,FQLPKKVDL,FQLPKKVDL,0.1104,0.4901,HLA-C07:02
10116,RLPKKVDLEM,G10116A_26_C,PEPLIST,RPKKVDLEM,RLPKKVDLEM,0.7774,0.1576,HLA-B07:02
10116,RLPKKVDLEM,G10116A_26_C,PEPLIST,RLKKVDLEM,RLPKKVDLEM,0.2359,1.1451,HLA-B15:01
10116,QLPKKVDLEM,G10116A_26_V,PEPLIST,QPKKVDLEM,QLPKKVDLEM,0.3497,0.5902,HLA-B07:02
10116,FRLPKKVDLEM,G10116A_36_C,PEPLIST,FPKKVDLEM,FRLPKKVDLEM,0.1421,1.1491,HLA-B07:02
10116,FRLPKKVDLEM,G10116A_36_C,PEPLIST,FRLPKDLEM,FRLPKKVDLEM,0.1142,0.4796,HLA-C07:02
10116,FQLPKKVDLEM,G10116A_36_V,PEPLIST,FPKKVDLEM,FQLPKKVDLEM,0.1386,1.166,HLA-B07:02
10116,FQLPKKVDLEM,G10116A_36_V,PEPLIST,FQKKVDLEM,FQLPKKVDLEM,0.1694,1.5235,HLA-B15:01
11099,YAGIGHKL,A11099G_1_C,PEPLIST,-YAGIGHKL,YAGIGHKL,0.0942,1.2963,HLA-A24:02
11099,YAGIGHKL,A11099G_1_C,PEPLIST,YA-GIGHKL,YAGIGHKL,0.6758,0.1054,HLA-C03:04
11099,YAGIGHEL,A11099G_1_V,PEPLIST,-YAGIGHEL,YAGIGHEL,0.0592,1.6823,HLA-A24:02
11099,YAGIGHEL,A11099G_1_V,PEPLIST,YA-GIGHEL,YAGIGHEL,0.8545,0.0367,HLA-C03:04
11099,YAGIGHEL,A11099G_1_V,PEPLIST,-YAGIGHEL,YAGIGHEL,0.0196,1.9473,HLA-C07:02
11099,KLKGTETY,A11099G_7_C,PEPLIST,KLK-GTETY,KLKGTETY,0.8146,0.1026,HLA-B15:01
11099,ELKGTETY,A11099G_7_V,PEPLIST,ELK-GTETY,ELKGTETY,0.2459,1.1019,HLA-B15:01
11099,EYAGIGHKL,A11099G_9_C,PEPLIST,EYAGIGHKL,EYAGIGHKL,0.8302,0.0876,HLA-A24:02
11099,EYAGIGHKL,A11099G_9_C,PEPLIST,EYAGIGHKL,EYAGIGHKL,0.3003,0.1705,HLA-C07:02
11099,EYAGIGHEL,A11099G_9_V,PEPLIST,EYAGIGHEL,EYAGIGHEL,0.7509,0.1342,HLA-A24:02
11099,EYAGIGHEL,A11099G_9_V,PEPLIST,EYAGIGHEL,EYAGIGHEL,0.3913,0.1148,HLA-C07:02
11099,HKLKGTETY,A11099G_15_C,PEPLIST,HKLKGTETY,HKLKGTETY,0.3295,0.8215,HLA-B15:01
11099,HKLKGTETY,A11099G_15_C,PEPLIST,HKLKGTETY,HKLKGTETY,0.1115,0.4873,HLA-C07:02
11099,HELKGTETY,A11099G_15_V,PEPLIST,HELKGTETY,HELKGTETY,0.115,1.1752,HLA-A01:01
11099,HELKGTETY,A11099G_15_V,PEPLIST,HELKGTETY,HELKGTETY,0.3939,0.666,HLA-B15:01
11099,KEYAGIGHKL,A11099G_18_C,PEPLIST,KYAGIGHKL,KEYAGIGHKL,0.704,0.1602,HLA-A24:02
11099,KEYAGIGHKL,A11099G_18_C,PEPLIST,KYAGIGHKL,KEYAGIGHKL,0.0253,1.6315,HLA-C07:02
11099,KEYAGIGHEL,A11099G_18_V,PEPLIST,KYAGIGHEL,KEYAGIGHEL,0.6108,0.218,HLA-A24:02
11099,KEYAGIGHEL,A11099G_18_V,PEPLIST,KYAGIGHEL,KEYAGIGHEL,0.045,1.0591,HLA-C07:02
11099,YKEYAGIGHKL,A11099G_28_C,PEPLIST,YYAGIGHKL,YKEYAGIGHKL,0.6238,0.209,HLA-A24:02
11099,YKEYAGIGHKL,A11099G_28_C,PEPLIST,YYAGIGHKL,YKEYAGIGHKL,0.06,0.8307,HLA-C07:02
11099,YKEYAGIGHEL,A11099G_28_V,PEPLIST,YYAGIGHEL,YKEYAGIGHEL,0.5239,0.2864,HLA-A24:02
11099,YKEYAGIGHEL,A11099G_28_V,PEPLIST,YYAGIGHEL,YKEYAGIGHEL,0.1012,0.5292,HLA-C07:02
12482,LSIGTLGL,G12482T_4_C,PEPLIST,LSI-GTLGL,LSIGTLGL,0.0366,1.846,HLA-C03:04
12482,SIGTLGLTY,G12482T_14_C,PEPLIST,SIGTLGLTY,SIGTLGLTY,0.3526,0.4586,HLA-A01:01
12482,SIGTLGLTY,G12482T_14_C,PEPLIST,SIGTLGLTY,SIGTLGLTY,0.6778,0.2402,HLA-B15:01
12482,LSIGTLGLTY,G12482T_23_C,PEPLIST,LSIGTGLTY,LSIGTLGLTY,0.3683,0.4352,HLA-A01:01
12482,LSIGTLGLTY,G12482T_23_C,PEPLIST,LSIGTGLTY,LSIGTLGLTY,0.484,0.4874,HLA-B15:01
12482,ELSIGTLGLTY,G12482T_33_C,PEPLIST,ELSIGTLTY,ELSIGTLGLTY,0.1631,0.8805,HLA-A01:01
12692,VFQNCISF,T12692G_6_C,PEPLIST,VFQ-NCISF,VFQNCISF,0.1107,1.1825,HLA-A24:02
12692,IVFQNCISF,T12692G_14_C,PEPLIST,IVFQNCISF,IVFQNCISF,0.1115,1.1777,HLA-A24:02
12692,IVFQNCISF,T12692G_14_C,PEPLIST,IVFQNCISF,IVFQNCISF,0.5699,0.359,HLA-B15:01
12692,IVFQNCISF,T12692G_14_C,PEPLIST,IVFQNCISF,IVFQNCISF,0.1808,0.6053,HLA-C03:04
12692,IVFQNCISF,T12692G_14_C,PEPLIST,IVFQNCISF,IVFQNCISF,0.0276,1.5372,HLA-C07:02
12692,IVVQNCISF,T12692G_14_V,PEPLIST,IVVQNCISF,IVVQNCISF,0.0564,1.7288,HLA-A24:02
12692,IVVQNCISF,T12692G_14_V,PEPLIST,IVVQNCISF,IVVQNCISF,0.3686,0.7252,HLA-B15:01
12692,IVVQNCISF,T12692G_14_V,PEPLIST,IVVQNCISF,IVVQNCISF,0.1337,0.7762,HLA-C03:04
13538,EFYTSNLF,G13538T_7_C,PEPLIST,EFY-TSNLF,EFYTSNLF,0.0867,1.364,HLA-A24:02
13538,KHKFNDEFY,G13538T_10_C,PEPLIST,KHKFNDEFY,KHKFNDEFY,0.0275,1.5387,HLA-C07:02
13538,EFYTSNLFY,G13538T_16_C,PEPLIST,EFYTSNLFY,EFYTSNLFY,0.1109,1.2056,HLA-A01:01
13538,EFYTSNLFY,G13538T_16_C,PEPLIST,EFYTSNLFY,EFYTSNLFY,0.0869,0.6022,HLA-C07:02
13538,DEFYTSNLFY,G13538T_25_C,PEPLIST,DEYTSNLFY,DEFYTSNLFY,0.0581,1.8082,HLA-A01:01
13538,EFYTSNLFYI,G13538T_26_C,PEPLIST,EYTSNLFYI,EFYTSNLFYI,0.0532,1.7891,HLA-A24:02
13538,KFNDEFYTSNL,G13538T_33_C,PEPLIST,KFNDEFYTL,KFNDEFYTSNL,0.2356,0.6728,HLA-A24:02
13538,FNDEFYTSNLF,G13538T_34_C,PEPLIST,FNDETSNLF,FNDEFYTSNLF,0.0548,1.875,HLA-A01:01
13538,NDEFYTSNLFY,G13538T_35_C,PEPLIST,NDETSNLFY,NDEFYTSNLFY,0.1398,1.0036,HLA-A01:01
13661,YHPTPETL,C13661T_5_C,PEPLIST,-YHPTPETL,YHPTPETL,0.1644,0.8978,HLA-A24:02
13661,YHPTPETL,C13661T_5_C,PEPLIST,Y-HPTPETL,YHPTPETL,0.0369,1.8393,HLA-C03:04
13661,YHPTPETL,C13661T_5_C,PEPLIST,YHP-TPETL,YHPTPETL,0.1572,0.3646,HLA-C07:02
13661,YHSTPETL,C13661T_5_V,PEPLIST,-YHSTPETL,YHSTPETL,0.0564,1.7291,HLA-A24:02
13661,YHSTPETL,C13661T_5_V,PEPLIST,YHS-TPETL,YHSTPETL,0.0578,0.8569,HLA-C07:02
13661,LYHPTPETL,C13661T_13_C,PEPLIST,LYHPTPETL,LYHPTPETL,0.9661,0.0113,HLA-A24:02
13661,LYHPTPETL,C13661T_13_C,PEPLIST,LYHPTPETL,LYHPTPETL,0.1229,0.8271,HLA-C03:04
13661,LYHPTPETL,C13661T_13_C,PEPLIST,LYHPTPETL,LYHPTPETL,0.7922,0.0089,HLA-C07:02
13661,LYHSTPETL,C13661T_13_V,PEPLIST,LYHSTPETL,LYHSTPETL,0.9053,0.0416,HLA-A24:02
13661,LYHSTPETL,C13661T_13_V,PEPLIST,LYHSTPETL,LYHSTPETL,0.0421,1.7106,HLA-C03:04
13661,LYHSTPETL,C13661T_13_V,PEPLIST,LYHSTPETL,LYHSTPETL,0.5121,0.0711,HLA-C07:02
13661,HPTPETLES,C13661T_15_C,PEPLIST,HPTPETLES,HPTPETLES,0.0629,1.9431,HLA-B07:02
13661,KLYHPTPETL,C13661T_22_C,PEPLIST,KYHPTPETL,KLYHPTPETL,0.7822,0.1149,HLA-A24:02
13661,KLYHPTPETL,C13661T_22_C,PEPLIST,KLYPTPETL,KLYHPTPETL,0.2429,1.115,HLA-B15:01
13661,KLYHPTPETL,C13661T_22_C,PEPLIST,KYHPTPETL,KLYHPTPETL,0.078,0.666,HLA-C07:02
13661,KLYHSTPETL,C13661T_22_V,PEPLIST,KYHSTPETL,KLYHSTPETL,0.5284,0.2823,HLA-A24:02
13661,KLYHSTPETL,C13661T_22_V,PEPLIST,KLYSTPETL,KLYHSTPETL,0.1311,1.8513,HLA-B15:01
13661,LYHPTPETLE,C13661T_23_C,PEPLIST,LYHPTPETL,LYHPTPETL,0.0639,1.6155,HLA-A24:02
13661,HPTPETLESI,C13661T_25_C,PEPLIST,HPTPETLSI,HPTPETLESI,0.2719,0.7449,HLA-B07:02
13661,STPETLESIL,C13661T_26_V,PEPLIST,SPETLESIL,STPETLESIL,0.1014,1.4438,HLA-B07:02
13661,NKLYHPTPETL,C13661T_32_C,PEPLIST,NYHPTPETL,NKLYHPTPETL,0.5064,0.3021,HLA-A24:02
13661,NKLYHPTPETL,C13661T_32_C,PEPLIST,NYHPTPETL,NKLYHPTPETL,0.0448,1.0624,HLA-C07:02
13661,NKLYHSTPETL,C13661T_32_V,PEPLIST,NYHSTPETL,NKLYHSTPETL,0.2341,0.6759,HLA-A24:02
13661,KLYHPTPETLE,C13661T_33_C,PEPLIST,KYHPTPETL,KLYHPTPETL,0.0426,1.9955,HLA-A24:02
13661,HPTPETLESIL,C13661T_36_C,PEPLIST,HPTPETLEL,HPTPETLESIL,0.4802,0.4075,HLA-B07:02
13798,KLIKSSTM,A13798C_4_C,PEPLIST,KLI-KSSTM,KLIKSSTM,0.1457,1.7126,HLA-B15:01
13798,KSSTMIRTNY,A13798C_26_C,PEPLIST,KSSTMITNY,KSSTMIRTNY,0.1505,0.9416,HLA-A01:01
13798,KSSTMIRTNY,A13798C_26_C,PEPLIST,KSSTMIRTY,KSSTMIRTNY,0.124,1.9246,HLA-B15:01
13798,NSSTMIRTNY,A13798C_26_V,PEPLIST,NSSTMITNY,NSSTMIRTNY,0.2337,0.6682,HLA-A01:01
14037,TGCKISIEY,G14037A_11_C,PEPLIST,TGCKISIEY,TGCKISIEY,0.1211,1.1293,HLA-A01:01
14037,TGCKISIEY,G14037A_11_C,PEPLIST,TGCKISIEY,TGCKISIEY,0.1654,1.5541,HLA-B15:01
14037,TGCKINIEY,G14037A_11_V,PEPLIST,TGCKINIEY,TGCKINIEY,0.1001,1.2857,HLA-A01:01
14037,STGCKISIEY,G14037A_20_C,PEPLIST,STGKISIEY,STGCKISIEY,0.4823,0.3105,HLA-A01:01
14037,STGCKINIEY,G14037A_20_V,PEPLIST,STGKINIEY,STGCKINIEY,0.4495,0.343,HLA-A01:01
14037,SSTGCKISIEY,G14037A_30_C,PEPLIST,SSTGISIEY,SSTGCKISIEY,0.316,0.5147,HLA-A01:01
14037,SSTGCKINIEY,G14037A_30_V,PEPLIST,SSTGINIEY,SSTGCKINIEY,0.2758,0.5824,HLA-A01:01
14037,SIEYILKDLKI,G14037A_37_C,PEPLIST,SYILKDLKI,SIEYILKDLKI,0.1097,1.1882,HLA-A24:02
14037,NIEYILKDLKI,G14037A_37_V,PEPLIST,NYILKDLKI,NIEYILKDLKI,0.0468,1.912,HLA-A24:02
14037,TGCKISIEY,G14037A_11_C,PEPLIST,TGCKISIEY,TGCKISIEY,0.1211,1.1293,HLA-A01:01
14037,TGCKISIEY,G14037A_11_C,PEPLIST,TGCKISIEY,TGCKISIEY,0.1654,1.5541,HLA-B15:01
14037,STGCKISIEY,G14037A_20_C,PEPLIST,STGKISIEY,STGCKISIEY,0.4823,0.3105,HLA-A01:01
14037,SSTGCKISIEY,G14037A_30_C,PEPLIST,SSTGISIEY,SSTGCKISIEY,0.316,0.5147,HLA-A01:01
14037,SIEYILKDLKI,G14037A_37_C,PEPLIST,SYILKDLKI,SIEYILKDLKI,0.1097,1.1882,HLA-A24:02
14042,TGCKISIEY,G14042A_9_C,PEPLIST,TGCKISIEY,TGCKISIEY,0.1211,1.1293,HLA-A01:01
14042,TGCKISIEY,G14042A_9_C,PEPLIST,TGCKISIEY,TGCKISIEY,0.1654,1.5541,HLA-B15:01
14042,STGCKISIEY,G14042A_18_C,PEPLIST,STGKISIEY,STGCKISIEY,0.4823,0.3105,HLA-A01:01
14042,SSTGCKISIEY,G14042A_28_C,PEPLIST,SSTGISIEY,SSTGCKISIEY,0.316,0.5147,HLA-A01:01
14042,SIEYILKDLKI,G14042A_35_C,PEPLIST,SYILKDLKI,SIEYILKDLKI,0.1097,1.1882,HLA-A24:02
14042,TGCKISIEY,G14042A_9_C,PEPLIST,TGCKISIEY,TGCKISIEY,0.1211,1.1293,HLA-A01:01
14042,TGCKISIEY,G14042A_9_C,PEPLIST,TGCKISIEY,TGCKISIEY,0.1654,1.5541,HLA-B15:01
14042,TGCKISIKY,G14042A_9_V,PEPLIST,TGCKISIKY,TGCKISIKY,0.1184,1.1497,HLA-A01:01
14042,EYILKDLKI,G14042A_16_C,PEPLIST,EYILKDLKI,EYILKDLKI,0.6218,0.2104,HLA-A24:02
14042,KYILKDLKI,G14042A_16_V,PEPLIST,KYILKDLKI,KYILKDLKI,0.8473,0.0776,HLA-A24:02
14042,KYILKDLKI,G14042A_16_V,PEPLIST,KYILKDLKI,KYILKDLKI,0.0317,1.3893,HLA-C07:02
14042,STGCKISIEY,G14042A_18_C,PEPLIST,STGKISIEY,STGCKISIEY,0.4823,0.3105,HLA-A01:01
14042,STGCKISIKY,G14042A_18_V,PEPLIST,STGKISIKY,STGCKISIKY,0.4218,0.3704,HLA-A01:01
14042,IEYILKDLKI,G14042A_25_C,PEPLIST,IYILKDLKI,IEYILKDLKI,0.2317,0.681,HLA-A24:02
14042,IKYILKDLKI,G14042A_25_V,PEPLIST,IYILKDLKI,IKYILKDLKI,0.2317,0.681,HLA-A24:02
14042,SSTGCKISIEY,G14042A_28_C,PEPLIST,SSTGISIEY,SSTGCKISIEY,0.316,0.5147,HLA-A01:01
14042,SSTGCKISIKY,G14042A_28_V,PEPLIST,SSTGISIKY,SSTGCKISIKY,0.2812,0.5733,HLA-A01:01
14042,SIEYILKDLKI,G14042A_35_C,PEPLIST,SYILKDLKI,SIEYILKDLKI,0.1097,1.1882,HLA-A24:02
14042,SIKYILKDLKI,G14042A_35_V,PEPLIST,SYILKDLKI,SIKYILKDLKI,0.1097,1.1882,HLA-A24:02
14616,FNVVQNAKL,C14616T_10_C,PEPLIST,FNVVQNAKL,FNVVQNAKL,0.0324,1.9886,HLA-C03:04
14616,FNVVQNVKL,C14616T_10_V,PEPLIST,FNVVQNVKL,FNVVQNVKL,0.0604,1.3808,HLA-C03:04
14616,VVQNAKLIL,C14616T_12_C,PEPLIST,VVQNAKLIL,VVQNAKLIL,0.0778,1.6886,HLA-B07:02
14616,VVQNAKLIL,C14616T_12_C,PEPLIST,VVQNAKLIL,VVQNAKLIL,0.1664,0.6525,HLA-C03:04
14616,VVQNVKLIL,C14616T_12_V,PEPLIST,VVQNVKLIL,VVQNVKLIL,0.0753,1.729,HLA-B07:02
14616,VVQNVKLIL,C14616T_12_V,PEPLIST,VVQNVKLIL,VVQNVKLIL,0.159,0.6764,HLA-C03:04
