Locus,Consensus,Variant
11,A,G
18,A,G
141,G,A
380,T,C
576,G,A
754,A,G
811,C,T
977,C,A
1009,A,G
1056,T,A
1082,G,A
1365,C,A
1472,C,T
1579,C,A
1940,C,T
1959,A,G
2403,C,T
2454,C,T
2894,A,G
2919,C,T
3072,C,T
3136,T,C
3149,A,G
3361,T,C
3441,T,C
3647,C,A
3651,A,G
3692,A,T
4044,T,C
4090,T,C
4282,T,C
4353,T,C
4358,T,C
4371,T,C
4431,A,C
4533,T,C
4592,A,T
4606,A,T
4617,C,T
4644,T,C
4725,T,A
4763,T,C
4764,T,C
4770,T,C
4786,T,C
4787,T,C
4791,T,C
4793,T,C
4794,T,C
4795,T,C
4805,T,C
4820,T,C
4821,T,C
4823,T,C
4826,T,C
4838,T,C
4857,T,C
4871,T,C
4875,T,C
4878,T,C
4886,T,C
4927,T,C
4960,T,C
4961,T,C
4975,G,A
4998,T,C
5003,T,C
5077,C,T
5081,T,C
5088,T,C
5094,A,C
5107,C,T
5121,A,C
5125,C,T
5146,T,A
5156,A,G
5161,T,C
5162,T,A
5205,T,C
5206,T,C
5209,G,A
5244,A,G
5325,A,C
5455,C,T
5458,T,C
5459,C,A
5480,C,T
5484,C,T
5519,A,T
5610,C,T
5638,A,T
5655,A,T
5778,G,A
5882,G,A
5899,G,T
5925,C,T
6005,C,T
6148,C,T
6169,C,T
6223,C,T
6280,G,A
6293,A,G
6302,G,T
6305,A,C
6305,A,G
6306,A,G
6378,A,G
6450,C,A
6507,A,T
6518,A,G
6528,C,T
6530,A,C
6548,A,T
6655,C,T
6851,A,G
6966,A,G
7038,A,G
7042,G,A
7174,A,G
7515,T,C
7550,C,A
7640,G,C
7992,G,A
8102,T,C
8113,G,T
8257,C,T
8268,C,T
8305,C,A
8725,G,A
9416,A,G
9650,G,A
9928,A,T
10116,G,A
11099,A,G
11248,G,T
11317,A,G
11431,C,T
11467,A,C
11485,C,A
11671,C,T
11766,T,C
12482,G,T
12692,T,G
13190,A,G
13489,G,A
13538,G,T
13661,C,T
13798,A,C
13861,T,C
14037,G,A
14042,G,A
14200,A,G
14428,T,C
14616,C,T
15041,G,T
